word_id,chinese_word,pinyin,word_hsk_level,official_pos,sense_id,chinese_meaning,persian_meaning,chinese_pos,persian_pos,collocations,example_chinese,example_pinyin,example_persian_translation,notes
1,优厚,yōuhòu,NON-HSK,形容词,1,待遇、报酬、条件等很好、很丰厚（形）,خوب و سخاوتمندانه؛ مطلوب و قابل‌توجه، دربارهٔ حقوق، مزایا، پاداش یا شرایط (صفت),形,صفت,待遇优厚（dàiyù yōuhòu）|报酬优厚（bàochou yōuhòu）|条件优厚（tiáojiàn yōuhòu）,这家公司给员工的待遇很优厚。,Zhè jiā gōngsī gěi yuángōng de dàiyù hěn yōuhòu.,این شرکت به کارکنانش حقوق و مزایای بسیار خوبی می‌دهد.,
2,厚礼,hòulǐ,NON-HSK,名词,1,贵重、丰厚的礼物（名）,هدیهٔ گران‌بها؛ هدیهٔ قابل‌توجه و ارزشمند (اسم),名,اسم,送厚礼（sòng hòulǐ）|一份厚礼（yí fèn hòulǐ）|备下厚礼（bèi xià hòulǐ）,他给老师送了一份厚礼。,Tā gěi lǎoshī sòng le yí fèn hòulǐ.,او هدیه‌ای ارزشمند به معلم داد.,稍正式；日常口语中也常说“贵重的礼物”。
3,浑厚,húnhòu,NON-HSK,形容词,1,声音、音色、味道或风格等低沉有力、饱满深厚（形）,بم و پرطنین؛ پرمایه و قوی، دربارهٔ صدا، رنگ صوتی، مزه یا سبک هنری (صفت),形,صفت,声音浑厚（shēngyīn húnhòu）|嗓音浑厚（sǎngyīn húnhòu）|音色浑厚（yīnsè húnhòu）,他的声音低沉浑厚。,Tā de shēngyīn dīchén húnhòu.,صدای او بم و پرطنین است.,
4,忠厚,zhōnghòu,NON-HSK,形容词,1,为人诚实、善良、宽厚，不狡猾（形）,صادق؛ مهربان؛ ساده‌دل و بی‌شیله‌پیله؛ بدجنس یا حقه‌باز نبودن (صفت),形,صفت,忠厚老实（zhōnghòu lǎoshi）|为人忠厚（wéirén zhōnghòu）|忠厚善良（zhōnghòu shànliáng）,他是一个忠厚老实的人。,Tā shì yí ge zhōnghòu lǎoshi de rén.,او آدمی صادق، ساده‌دل و بی‌شیله‌پیله است.,
5,挂牌,guàpái,NON-HSK,动词,1,挂上牌子；也指机构、公司等正式成立或开始营业（动）,تابلو یا پلاک نصب کردن؛ همچنین رسماً تأسیس شدن یا شروع به کار کردنِ یک نهاد، شرکت یا محل (فعل),动,فعل,正式挂牌（zhèngshì guàpái）|挂牌成立（guàpái chénglì）|挂牌营业（guàpái yíngyè）,这家公司今天正式挂牌。,Zhè jiā gōngsī jīntiān zhèngshì guàpái.,این شرکت امروز رسماً شروع به کار کرد.,
5,挂牌,guàpái,NON-HSK,动词,2,在市场、交易所等公开上市、交易或出售（动）,در بازار یا بورس رسماً عرضه، لیست یا برای معامله/فروش اعلام شدن (فعل),动,فعل,挂牌上市（guàpái shàngshì）|挂牌交易（guàpái jiāoyì）|挂牌出售（guàpái chūshòu）,这套房子已经挂牌出售了。,Zhè tào fángzi yǐjīng guàpái chūshòu le.,این خانه رسماً برای فروش عرضه شده است.,
6,挂名,guàmíng,NON-HSK,动词、形容词,1,只有名义上的身份、职位或称号，实际上不承担相应责任或不起实际作用（动/形）,اسماً بودن؛ فقط روی کاغذ عنوان یا سمت داشتن؛ صوری و بدون نقش یا مسئولیت واقعی بودن (فعل/صفت),动/形,فعل/صفت,挂名经理（guàmíng jīnglǐ）|挂名负责人（guàmíng fùzérén）|挂名董事（guàmíng dǒngshì）|只是挂名的（zhǐ shì guàmíng de）,他只是挂名负责人，实际工作由别人来做。,"Tā zhǐ shì guàmíng fùzérén, shíjì gōngzuò yóu biérén lái zuò.",او فقط مسئول اسمی است و کار واقعی را فرد دیگری انجام می‌دهد.,
7,掉包,diàobāo,NON-HSK,动词,1,暗中把一个东西换成另一个，常带有欺骗意味（动）,یواشکی عوض کردن؛ پنهانی جابه‌جا کردن؛ چیزی را با چیز دیگری عوض کردن، معمولاً با بار فریب یا کلاهبرداری (فعل),动,فعل,被人掉包（bèi rén diàobāo）|把真货掉包成假货（bǎ zhēnhuò diàobāo chéng jiǎhuò）|货物被掉包（huòwù bèi diàobāo）|可能被掉包了（kěnéng bèi diàobāo le）,有人把真货掉包成了假货。,Yǒurén bǎ zhēnhuò diàobāo chéng le jiǎhuò.,کسی جنس اصلی را یواشکی با جنس تقلبی عوض کرده است.,
9,降幅,jiàngfú,NON-HSK,名词,1,价格、数量、指数、比例等下降的幅度或百分比（名）,میزان کاهش؛ درصد افت؛ مقدار یا دامنهٔ پایین آمدنِ قیمت، عدد، شاخص، نسبت و مانند آن (اسم),名,اسم,降幅很大（jiàngfú hěn dà）|降幅明显（jiàngfú míngxiǎn）|价格降幅（jiàgé jiàngfú）|降幅超过百分之五（jiàngfú chāoguò bǎifēn zhī wǔ）,这个月销售额的降幅比较明显。,Zhè ge yuè xiāoshòu’é de jiàngfú bǐjiào míngxiǎn.,میزان کاهش فروش این ماه نسبتاً واضح است.,
10,宽幅,kuānfú,NON-HSK,形容词、名词,1,宽度较大的；幅面较宽的，多用于布料、纸张、打印、图像、设备等技术或商品语境（形/名）,پهن‌عرض؛ دارای عرض زیاد؛ چیزی با پهنای بیشتر، بیشتر دربارهٔ پارچه، کاغذ، چاپ، تصویر، دستگاه و کالاهای فنی (صفت/اسم),形/名,صفت/اسم,宽幅布料（kuānfú bùliào）|宽幅打印（kuānfú dǎyìn）|宽幅纸（kuānfú zhǐ）|宽幅画面（kuānfú huàmiàn）,这台机器支持宽幅打印。,Zhè tái jīqì zhīchí kuānfú dǎyìn.,این دستگاه از چاپ پهن‌عرض پشتیبانی می‌کند.,
11,窄幅,zhǎifú,NON-HSK,形容词、名词,1,宽度较小的；幅面较窄的，多用于布料、纸张、打印、图像、设备等技术或商品语境（形/名）,کم‌عرض؛ باریک‌عرض؛ دارای عرض کم، بیشتر دربارهٔ پارچه، کاغذ، چاپ، تصویر، دستگاه و کالاهای فنی (صفت/اسم),形/名,صفت/اسم,窄幅布料（zhǎifú bùliào）|窄幅打印（zhǎifú dǎyìn）|窄幅纸（zhǎifú zhǐ）|窄幅标签（zhǎifú biāoqiān）,这种窄幅布料适合做装饰。,Zhè zhǒng zhǎifú bùliào shìhé zuò zhuāngshì.,این نوع پارچهٔ کم‌عرض برای کارهای تزئینی مناسب است.,
12,吃货,chīhuò,NON-HSK,名词,1,（口语，多含喜爱或调侃意味）非常喜欢吃、讲究美食的人（名）,(محاوره‌ای، معمولاً با لحن محبت‌آمیز یا شوخ‌طبعانه) کسی که عاشق غذا خوردن است؛ شکم‌گرد؛ فودی (اسم),名,اسم,自称吃货（zìchēng chīhuò）|吃货的最爱（chīhuò de zuì'ài）|资深吃货（zīshēn chīhuò）,我是个不折不扣的吃货。,Wǒ shì ge bùzhébúkòu de chīhuò.,من یک شکموی تمام‌عیارم.,برخلاف «笨货、蠢货、贱货»، این کلمه بار منفی ندارد و اغلب با لحن دوستانه یا حتی افتخارآمیز به‌کار می‌رود.
13,寄宿,jìsù,NON-HSK,动词,1,住在学校、别人家或指定住所，而不是每天回自己家（动）,شبانه‌روزی ماندن؛ در مدرسه، خانهٔ میزبان یا محل تعیین‌شده اقامت داشتن، نه اینکه هر روز به خانهٔ خود برگشتن (فعل),动,فعل,在学校寄宿（zài xuéxiào jìsù）|寄宿学校（jìsù xuéxiào）|寄宿家庭（jìsù jiātíng）|寄宿生（jìsùshēng）,他上高中时在学校寄宿。,Tā shàng gāozhōng shí zài xuéxiào jìsù.,او دوران دبیرستان در مدرسه شبانه‌روزی می‌ماند.,
14,寄生,jìshēng,NON-HSK,动词、形容词,1,一种生物依附在另一种生物体内或体表生活，并从中取得营养（动/形）,انگلی زیستن؛ زندگی کردن یک موجود زنده روی بدن یا درون بدن موجودی دیگر و تغذیه از آن (فعل/صفت),动/形,فعل/صفت,寄生虫（jìshēngchóng）|寄生植物（jìshēng zhíwù）|寄生在体内（jìshēng zài tǐnèi）|寄生关系（jìshēng guānxi）,这种虫子寄生在动物体内。,Zhè zhǒng chóngzi jìshēng zài dòngwù tǐnèi.,این نوع حشره/کرم در بدن حیوانات به‌صورت انگلی زندگی می‌کند.,
14,寄生,jìshēng,NON-HSK,动词,2,比喻依靠别人或某种关系生活、获利，自己不独立创造价值（动）,به‌طور انگلی یا وابسته زندگی کردن؛ به‌صورت استعاری، از راه تکیه بر دیگران یا یک رابطه سود بردن بدون استقلال یا تلاش واقعی (فعل),动,فعل,寄生在别人身上（jìshēng zài biérén shēn shang）|寄生于社会关系（jìshēng yú shèhuì guānxi）|寄生式生活（jìshēngshì shēnghuó）,他不想寄生在父母身上。,Tā bù xiǎng jìshēng zài fùmǔ shēn shang.,او نمی‌خواهد به‌صورت وابسته و انگلی به والدینش تکیه کند.,این کاربرد استعاری است و معمولاً بار منفی دارد.
15,寄居,jìjū,NON-HSK,动词,1,暂时住在别人家或外地，常带有依附、客居的意味（动）,موقتاً در خانهٔ دیگران یا جایی غیر از خانهٔ خود زندگی کردن؛ سکونت وابسته یا مهمان‌گونه داشتن (فعل),动,فعل,寄居在亲戚家（jìjū zài qīnqi jiā）|寄居外地（jìjū wàidì）|寄居生活（jìjū shēnghuó）|寄居他乡（jìjū tāxiāng）,他小时候寄居在叔叔家。,Tā xiǎoshíhou jìjū zài shūshu jiā.,او در کودکی مدتی در خانهٔ عمویش زندگی می‌کرد.,کاربرد نسبتاً نوشتاری‌تر از «住在别人家» است.
16,举国,jǔguó,NON-HSK,名、副,1,整个国家；全国，偏书面或新闻、正式语境（名/副）,سراسر کشور؛ همهٔ کشور؛ کل ملت یا کل کشور، با کاربرد بیشتر در متن رسمی، خبری یا نوشتاری (اسم/قید),名/副,اسم/قید,举国关注 (jǔguó guānzhù) | 举国上下 (jǔguó shàngxià) | 举国欢庆 (jǔguó huānqìng) | 举国哀悼 (jǔguó āidào),这个消息引起了举国关注。,Zhège xiāoxi yǐnqǐ le jǔguó guānzhù.,این خبر توجه سراسر کشور را جلب کرد.,
17,举世,jǔshì,NON-HSK,名、副,1,全世界；世上所有的人，偏书面，常用于“举世闻名、举世瞩目”等固定搭配（名/副）,سراسر جهان؛ همهٔ دنیا؛ جهانی، با کاربرد بیشتر در متن رسمی و ترکیب‌هایی مثل «مشهور در سراسر جهان» (اسم/قید),名/副,اسم/قید,举世闻名 (jǔshì wénmíng) | 举世瞩目 (jǔshì zhǔmù) | 举世公认 (jǔshì gōngrèn) | 举世无双 (jǔshì wúshuāng),长城是举世闻名的建筑。,Chángchéng shì jǔshì wénmíng de jiànzhù.,دیوار چین بنایی مشهور در سراسر جهان است.,
18,推举,tuījǔ,NON-HSK,动,1,大家共同推荐或选出某人担任某个职务、代表或角色，偏正式（及物动）,برگزیدن؛ پیشنهاد و انتخاب کردنِ کسی از طرف یک جمع برای مقام، نمایندگی یا نقشی مشخص، با کاربرد رسمی‌تر (فعل گذرا),及物动,فعل گذرا,推举代表 (tuījǔ dàibiǎo) | 推举候选人 (tuījǔ hòuxuǎnrén) | 推举他担任组长 (tuījǔ tā dānrèn zǔzhǎng) | 被推举为代表 (bèi tuījǔ wéi dàibiǎo),大家推举他担任小组代表。,Dàjiā tuījǔ tā dānrèn xiǎozǔ dàibiǎo.,همه او را برای نمایندگی گروه برگزیدند.,
19,举荐,jǔjiàn,NON-HSK,动,1,正式地推荐某人担任职位、承担任务或得到机会，比“推荐”更书面、更正式（及物动）,معرفی یا توصیه کردنِ رسمیِ کسی برای مقام، مسئولیت یا فرصت؛ رسمی‌تر و نوشتاری‌تر از «推荐» (فعل گذرا),及物动,فعل گذرا,举荐人才 (jǔjiàn réncái) | 举荐贤能 (jǔjiàn xiánnéng) | 举荐他担任经理 (jǔjiàn tā dānrèn jīnglǐ) | 向公司举荐人才 (xiàng gōngsī jǔjiàn réncái),他向公司举荐了一位优秀的人才。,Tā xiàng gōngsī jǔjiàn le yí wèi yōuxiù de réncái.,او یک نیروی شایسته را به شرکت معرفی و توصیه کرد.,
20,拉家常,lā jiācháng,NON-HSK,动,1,聊天、谈日常生活中的琐事，多用于熟人、家人或邻里之间（动）,گپ زدن؛ از زندگی روزمره حرف زدن (فعل),动,فعل,坐下拉家常 (zuòxia lā jiācháng) | 跟邻居拉家常 (gēn línjū lā jiācháng) | 拉了一会儿家常 (lā le yíhuìr jiācháng) | 边喝茶边拉家常 (biān hē chá biān lā jiācháng),她们坐在院子里拉家常。,Tāmen zuò zài yuànzi li lā jiācháng.,آن‌ها در حیاط نشسته بودند و گپ می‌زدند.,
21,拉一把,lā yì bǎ,NON-HSK,动短语,1,在别人困难时帮一下、扶持一下（动短语）,کمک کردن؛ دست کسی را گرفتن (عبارت فعلی),动短语,عبارت فعلی,帮他拉一把 (bāng tā lā yì bǎ) | 拉我一把 (lā wǒ yì bǎ) | 关键时刻拉一把 (guānjiàn shíkè lā yì bǎ) | 朋友拉了他一把 (péngyou lā le tā yì bǎ),困难的时候，是朋友拉了我一把。,"Kùnnan de shíhou, shì péngyou lā le wǒ yì bǎ.",وقتی سختی داشتم، دوستم دستم را گرفت.,
23,拉长,lācháng,NON-HSK,动,1,使长度、时间、期限等变长（及物动）,طولانی‌تر کردن؛ کشیده‌تر کردن (فعل گذرا),及物动,فعل گذرا,拉长时间 (lācháng shíjiān) | 拉长期限 (lācháng qīxiàn) | 拉长距离 (lācháng jùlí) | 把声音拉长 (bǎ shēngyīn lācháng),他们把会议时间拉长了。,Tāmen bǎ huìyì shíjiān lācháng le.,آن‌ها زمان جلسه را طولانی‌تر کردند.,
24,拉上,lāshàng,NON-HSK,动,1,把人一起带去、叫来或牵扯进某事（及物动）,با خود بردن؛ وارد ماجرا کردن؛ قاطی کردن (فعل گذرا),及物动,فعل گذرا,拉上朋友 (lāshàng péngyou) | 拉上别人 (lāshàng biérén) | 拉上他一起去 (lāshàng tā yìqǐ qù) | 别拉上我 (bié lāshàng wǒ),这件事别拉上我。,Zhè jiàn shì bié lāshàng wǒ.,من را قاطی این قضیه نکن.,
25,拉球,lā qiú,NON-HSK,动宾短语,1,乒乓球等运动中用上旋方式击球（动宾短语）,تاپ‌اسپین زدن؛ ضربهٔ چرخشی زدن (عبارت فعلی),动宾短语,عبارت فعلی,正手拉球 (zhèngshǒu lā qiú) | 反手拉球 (fǎnshǒu lā qiú) | 拉上旋球 (lā shàngxuánqiú) | 拉球技术 (lā qiú jìshù),他正在练习正手拉球。,Tā zhèngzài liànxí zhèngshǒu lā qiú.,او دارد تاپ‌اسپین فورهند تمرین می‌کند.,
26,相交,xiāngjiāo,NON-HSK,动,1,线、路、平面等互相交叉或会合（不及物动）,تلاقی کردن؛ همدیگر را قطع کردن (فعل ناگذر),不及物动,فعل ناگذر,两线相交 (liǎng xiàn xiāngjiāo) | 两路相交 (liǎng lù xiāngjiāo) | 相交于一点 (xiāngjiāo yú yì diǎn) | 在这里相交 (zài zhèli xiāngjiāo),两条路在这里相交。,Liǎng tiáo lù zài zhèli xiāngjiāo.,دو راه در اینجا به هم می‌رسند.,
27,交加,jiāojiā,NON-HSK,动,1,不同的事物或感情同时出现，多用于固定表达（动）,هم‌زمان روی دادن؛ درهم آمیختن (فعل),动,فعل,风雨交加 (fēng yǔ jiāojiā) | 悲喜交加 (bēi xǐ jiāojiā) | 惊喜交加 (jīng xǐ jiāojiā) | 饥寒交加 (jī hán jiāojiā),听到这个消息，他悲喜交加。,"Tīngdào zhège xiāoxi, tā bēi xǐ jiāojiā.",با شنیدن این خبر، هم خوشحال شد هم اندوهگین.,
28,之交,zhī jiāo,NON-HSK,名,1,两个时间、季节、时期或地方相接、交替的地方或时候，偏书面（名）,مرزِ میان؛ زمانِ گذار؛ محل تلاقی (اسم، رسمی),名,اسم، رسمی,春夏之交 (chūn xià zhī jiāo) | 世纪之交 (shìjì zhī jiāo) | 新旧之交 (xīn jiù zhī jiāo) | 两地之交 (liǎng dì zhī jiāo),春夏之交，天气变化很快。,"Chūn xià zhī jiāo, tiānqì biànhuà hěn kuài.",در مرزِ بهار و تابستان، هوا خیلی زود تغییر می‌کند.,
29,交配,jiāopèi,NON-HSK,动,1,动物雌雄之间为了繁殖而发生性行为，多用于动物、养殖或生物学语境（动）,جفت‌گیری کردن؛ آمیزش برای تولیدمثل (فعل، زیست‌شناسی/حیوانات),动,فعل، زیست‌شناسی/حیوانات,动物交配 (dòngwù jiāopèi) | 交配季节 (jiāopèi jìjié) | 进行交配 (jìnxíng jiāopèi) | 交配行为 (jiāopèi xíngwéi),这种动物通常在春天交配。,Zhè zhǒng dòngwù tōngcháng zài chūntiān jiāopèi.,این نوع حیوان معمولاً در بهار جفت‌گیری می‌کند.,
30,性交,xìngjiāo,NON-HSK,动、名,1,发生性行为，尤指性器官接触的性行为，多用于医学、法律、教育或正式语境（动/名）,رابطهٔ جنسی؛ آمیزش جنسی (اسم/فعل، رسمی/پزشکی/حقوقی),动/名,اسم/فعل، رسمی/پزشکی/حقوقی,发生性交 (fāshēng xìngjiāo) | 性交行为 (xìngjiāo xíngwéi) | 性交传播 (xìngjiāo chuánbō) | 避免性交 (bìmiǎn xìngjiāo),这种疾病可能通过性交传播。,Zhè zhǒng jíbìng kěnéng tōngguò xìngjiāo chuánbō.,این بیماری ممکن است از راه رابطهٔ جنسی منتقل شود.,
31,将会,jiānghuì,NON-HSK,副,1,表示将来会发生，多用于正式说明或预测（副）,خواهد؛ قرار است که (قید، رسمی),副,قید، رسمی,将会影响 (jiānghuì yǐngxiǎng) | 将会改变 (jiānghuì gǎibiàn) | 将会增加 (jiānghuì zēngjiā) | 将会带来 (jiānghuì dàilái),这个决定将会影响很多人。,Zhège juédìng jiānghuì yǐngxiǎng hěn duō rén.,این تصمیم افراد زیادی را تحت تأثیر قرار خواهد داد.,
32,将死,jiāngsǐ,NON-HSK,动,1,下棋时把对方逼到无法应对的局面，即将军且无法解救（动）,کیش‌ومات کردن؛ مات کردن (فعل، بازی),动,فعل، بازی,将死对方 (jiāngsǐ duìfāng) | 被将死 (bèi jiāngsǐ) | 白棋将死黑棋 (bái qí jiāngsǐ hēi qí) | 一步将死 (yí bù jiāngsǐ),白棋将死了黑棋。,Bái qí jiāngsǐ le hēi qí.,سفید، سیاه را کیش‌ومات کرد.,
34,将一军,jiāng yì jūn,NON-HSK,动短语,1,比喻用突然的问题、行动或办法让对方陷入被动或为难的局面，源自下棋时“将军”的说法（动短语）,در تنگنا گذاشتن؛ غافلگیرانه تحت فشار گذاشتن (عبارت فعلی),动短语,عبارت فعلی,将他一军 (jiāng tā yì jūn) | 被将了一军 (bèi jiāng le yì jūn) | 反将一军 (fǎn jiāng yì jūn) | 突然将一军 (tūrán jiāng yì jūn),他突然问了一个难题，将了我一军。,"Tā tūrán wèn le yí ge nántí, jiāng le wǒ yì jūn.",او ناگهان یک سؤال سخت پرسید و مرا در تنگنا گذاشت.,
35,将领,jiànglǐng,NON-HSK,名,1,军队中担任高级指挥职务的人，偏正式（名）,فرماندهٔ نظامی؛ مقام ارشد نظامی (اسم، رسمی),名,اسم، رسمی,高级将领 (gāojí jiànglǐng) | 军队将领 (jūnduì jiànglǐng) | 一位将领 (yí wèi jiànglǐng) | 著名将领 (zhùmíng jiànglǐng),这位将领参加过多次战役。,Zhè wèi jiànglǐng cānjiā guo duō cì zhànyì.,این فرمانده در چندین نبرد شرکت کرده بود.,
36,大将,dàjiàng,NON-HSK,名,1,高级将领；也比喻团队中重要、能干的人（名）,فرماندهٔ ارشد؛ مهرهٔ اصلی و توانمند (اسم),名,اسم,一员大将 (yì yuán dàjiàng) | 得力大将 (délì dàjiàng) | 队中大将 (duì zhōng dàjiàng) | 公司大将 (gōngsī dàjiàng),他是公司最得力的大将之一。,Tā shì gōngsī zuì délì de dàjiàng zhī yī.,او یکی از مهره‌های اصلی و توانمند شرکت است.,
37,名将,míngjiàng,NON-HSK,名,1,有名的将领；也指体育等领域中有名的高手（名）,فرماندهٔ نامدار؛ چهرهٔ برجسته (اسم),名,اسم,历史名将 (lìshǐ míngjiàng) | 一代名将 (yídài míngjiàng) | 足球名将 (zúqiú míngjiàng) | 世界名将 (shìjiè míngjiàng),他是一位历史上的名将。,Tā shì yí wèi lìshǐ shang de míngjiàng.,او یکی از فرماندهان نامدار تاریخ است.,
38,老将,lǎojiàng,NON-HSK,名,1,经验丰富的将领、运动员或工作人员（名）,کهنه‌کار؛ فرد باتجربه (اسم),名,اسم,一员老将 (yì yuán lǎojiàng) | 足坛老将 (zútán lǎojiàng) | 公司老将 (gōngsī lǎojiàng) | 经验丰富的老将 (jīngyàn fēngfù de lǎojiàng),这位老将在关键时刻发挥了重要作用。,Zhè wèi lǎojiàng zài guānjiàn shíkè fāhuī le zhòngyào zuòyòng.,این فرد باتجربه در لحظهٔ حساس نقش مهمی ایفا کرد.,
39,将士,jiàngshì,NON-HSK,名,1,将领和士兵，泛指军人，偏正式（名）,فرماندهان و سربازان؛ نیروهای نظامی (اسم، رسمی),名,اسم، رسمی,全体将士 (quántǐ jiàngshì) | 前线将士 (qiánxiàn jiàngshì) | 广大将士 (guǎngdà jiàngshì) | 慰问将士 (wèiwèn jiàngshì),全国人民向前线将士表示感谢。,Quánguó rénmín xiàng qiánxiàn jiàngshì biǎoshì gǎnxiè.,مردم سراسر کشور از نیروهای خط مقدم قدردانی کردند.,
40,将帅,jiàngshuài,NON-HSK,名,1,将领和统帅，泛指高级军事指挥者，偏书面（名）,فرماندهان ارشد؛ سرداران (اسم، رسمی/کتابی),名,اسم، رسمی/کتابی,军中将帅 (jūn zhōng jiàngshuài) | 古代将帅 (gǔdài jiàngshuài) | 一代将帅 (yídài jiàngshuài) | 将帅之才 (jiàngshuài zhī cái),古代将帅需要很强的判断力。,Gǔdài jiàngshuài xūyào hěn qiáng de pànduànlì.,فرماندهان قدیم به قدرت تشخیص بالایی نیاز داشتند.,
41,将功补过,jiāng gōng bǔ guò,NON-HSK,成语,1,用功劳或好的表现来弥补以前的过错，偏正式（成语）,جبران خطا با کار خوب؛ جبران اشتباه با عملکرد بهتر (اصطلاح، رسمی),成语,اصطلاح، رسمی,想将功补过 (xiǎng jiāng gōng bǔ guò) | 机会将功补过 (jīhuì jiāng gōng bǔ guò) | 用行动将功补过 (yòng xíngdòng jiāng gōng bǔ guò) | 给他将功补过的机会 (gěi tā jiāng gōng bǔ guò de jīhuì),公司给了他一次将功补过的机会。,Gōngsī gěi le tā yí cì jiāng gōng bǔ guò de jīhuì.,شرکت به او فرصتی داد تا خطایش را با عملکرد بهتر جبران کند.,
42,将计就计,jiāng jì jiù jì,NON-HSK,成语,1,利用对方的计策，顺着对方的安排反过来达到自己的目的（成语）,از نقشهٔ طرف علیه خودش استفاده کردن (اصطلاح),成语,اصطلاح,决定将计就计 (juédìng jiāng jì jiù jì) | 干脆将计就计 (gāncuì jiāng jì jiù jì) | 他将计就计 (tā jiāng jì jiù jì) | 将计就计地答应 (jiāng jì jiù jì de dāying),他看出了对方的计划，决定将计就计。,"Tā kànchū le duìfāng de jìhuà, juédìng jiāng jì jiù jì.",او نقشهٔ طرف مقابل را فهمید و تصمیم گرفت از همان نقشه علیه خودش استفاده کند.,
43,将错就错,jiāng cuò jiù cuò,NON-HSK,成语,1,已经错了就顺着错误继续做下去，不再改正（成语）,اشتباه را ادامه دادن؛ با همان اشتباه جلو رفتن (اصطلاح),成语,اصطلاح,只好将错就错 (zhǐhǎo jiāng cuò jiù cuò) | 干脆将错就错 (gāncuì jiāng cuò jiù cuò) | 不要将错就错 (bú yào jiāng cuò jiù cuò) | 将错就错地演下去 (jiāng cuò jiù cuò de yǎn xiàqù),名字已经写错了，他只好将错就错。,"Míngzi yǐjīng xiě cuò le, tā zhǐhǎo jiāng cuò jiù cuò.",اسم را اشتباه نوشته بود و مجبور شد با همان اشتباه ادامه دهد.,
44,将信将疑,jiāng xìn jiāng yí,NON-HSK,成语,1,有点相信又有点怀疑（成语）,نیمه‌باور و نیمه‌مردد؛ با شک و تردید (اصطلاح),成语,اصطلاح,将信将疑地看着 (jiāng xìn jiāng yí de kànzhe) | 将信将疑地点头 (jiāng xìn jiāng yí de diǎntóu) | 心里将信将疑 (xīn li jiāng xìn jiāng yí) | 对他说的话将信将疑 (duì tā shuō de huà jiāng xìn jiāng yí),她将信将疑地看着我。,Tā jiāng xìn jiāng yí de kànzhe wǒ.,او با شک و تردید به من نگاه کرد.,
45,将心比心,jiāng xīn bǐ xīn,NON-HSK,成语,1,设身处地替别人着想，用自己的心去体会别人的心情（成语）,خود را جای دیگری گذاشتن؛ همدلانه فکر کردن (اصطلاح),成语,اصطلاح,将心比心地想 (jiāng xīn bǐ xīn de xiǎng) | 应该将心比心 (yīnggāi jiāng xīn bǐ xīn) | 学会将心比心 (xuéhuì jiāng xīn bǐ xīn) | 将心比心地理解别人 (jiāng xīn bǐ xīn de lǐjiě biérén),我们应该将心比心，理解他的难处。,"Wǒmen yīnggāi jiāng xīn bǐ xīn, lǐjiě tā de nánchù.",باید خودمان را جای او بگذاریم و سختی‌اش را درک کنیم.,
46,健将,jiànjiàng,NON-HSK,名,1,在体育、工作或某方面能力很强的人（名）,ورزشکار/فرد توانمند؛ کاربلد (اسم),名,اسم,运动健将 (yùndòng jiànjiàng) | 游泳健将 (yóuyǒng jiànjiàng) | 业务健将 (yèwù jiànjiàng) | 销售健将 (xiāoshòu jiànjiàng),他是我们队里的游泳健将。,Tā shì wǒmen duì li de yóuyǒng jiànjiàng.,او شناگر توانمند تیم ماست.,
47,纸老虎,zhǐlǎohǔ,NON-HSK,名,1,比喻外表强大可怕、实际没有真本事或真力量的人或事物；可指人、组织、政权、威胁、问题等（名）,پهلوان‌پنبه؛ ببر کاغذی؛ آدم، سازمان، حکومت، تهدید یا مشکلی که ظاهراً ترسناک است اما قدرت واقعی ندارد (اسم),名,اسم,一只纸老虎 (yì zhī zhǐlǎohǔ) | 不过是纸老虎 (búguò shì zhǐlǎohǔ) | 政治纸老虎 (zhèngzhì zhǐlǎohǔ) | 外强中干的纸老虎 (wài qiáng zhōng gān de zhǐlǎohǔ),这个对手看起来很强，其实只是纸老虎。,"Zhège duìshǒu kàn qǐlai hěn qiáng, qíshí zhǐ shì zhǐlǎohǔ.",این حریف قوی به نظر می‌رسد، اما در واقع فقط پهلوان‌پنبه است.,
48,拦路虎,lánlùhǔ,NON-HSK,名,1,比喻阻碍前进、发展或做事的困难、障碍或人（名）,مانع بزرگ؛ سد راه؛ مشکل جدی (اسم),名,اسم,最大的拦路虎 (zuì dà de lánlùhǔ) | 成为拦路虎 (chéngwéi lánlùhǔ) | 发展的拦路虎 (fāzhǎn de lánlùhǔ) | 项目的拦路虎 (xiàngmù de lánlùhǔ),资金问题是这个项目最大的拦路虎。,Zījīn wèntí shì zhège xiàngmù zuì dà de lánlùhǔ.,مشکل بودجه بزرگ‌ترین مانع این پروژه است.,
49,母老虎,mǔlǎohǔ,NON-HSK,名,1,比喻脾气凶、说话厉害或让人害怕的女人，口语中常带贬义或玩笑意味（名）,زن تندخو و ترسناک؛ زن خشن (اسم، محاوره‌ای/گاهی تحقیرآمیز),名,اسم، محاوره‌ای/گاهی تحقیرآمیز,像母老虎一样 (xiàng mǔlǎohǔ yíyàng) | 被叫作母老虎 (bèi jiàozuò mǔlǎohǔ) | 脾气像母老虎 (píqi xiàng mǔlǎohǔ) | 家里的母老虎 (jiā li de mǔlǎohǔ),他开玩笑说妻子像母老虎。,Tā kāi wánxiào shuō qīzi xiàng mǔlǎohǔ.,او به شوخی گفت همسرش مثل یک زن تندخو و ترسناک است.,
50,连累,liánlèi,NON-HSK,动,1,因自己的问题、错误或麻烦使别人也受到牵涉、损失或困扰（及物动）,به دردسر انداختن؛ گرفتار کردن؛ پای کسی را وسط کشیدن (فعل گذرا),及物动,فعل گذرا,连累别人 (liánlèi biérén) | 不想连累家人 (bù xiǎng liánlèi jiārén) | 被他连累 (bèi tā liánlèi) | 别连累我 (bié liánlèi wǒ),我不想连累家人。,Wǒ bù xiǎng liánlèi jiārén.,نمی‌خواهم خانواده‌ام را گرفتار کنم.,
51,牵连,qiānlián,NON-HSK,动,1,因某件事、案件或问题而使人或事物被牵涉进去，多用于较正式语境（及物/不及物动）,درگیر کردن؛ درگیر شدن؛ کشیده شدن پای کسی به ماجرا (فعل، کمی رسمی),及物/不及物动,فعل، کمی رسمی,牵连到很多人 (qiānlián dào hěn duō rén) | 被牵连进去 (bèi qiānlián jìnqu) | 牵连进案件 (qiānlián jìn ànjiàn) | 受到牵连 (shòu dào qiānlián),这个案子牵连了很多人。,Zhège ànzi qiānlián le hěn duō rén.,این پرونده افراد زیادی را درگیر کرد.,
52,连带,liándài,NON-HSK,形/动,1,因相关关系而一起产生、承担或受到影响，多用于正式、法律或分析语境（形/动）,تبعی؛ همراه؛ زنجیره‌ای؛ به‌تبعِ چیزی ایجاد شدن (صفت/فعل، رسمی),形/动,صفت/فعل، رسمی,连带责任 (liándài zérèn) | 连带影响 (liándài yǐngxiǎng) | 连带关系 (liándài guānxì) | 产生连带反应 (chǎnshēng liándài fǎnyìng),这家公司需要承担连带责任。,Zhè jiā gōngsī xūyào chéngdān liándài zérèn.,این شرکت باید مسئولیت تضامنی/تبعی را بپذیرد.,
53,凉了半截,liáng le bànjié,NON-HSK,动短语,1,因听到坏消息、遇到意外情况等，突然感到非常失望、害怕或没了希望（动短语）,یک‌دفعه دل‌سرد شدن؛ دلش خالی شدن؛ امیدش را از دست دادن (عبارت فعلی),动短语,عبارت فعلی,心凉了半截 (xīn liáng le bànjié) | 听了凉了半截 (tīng le liáng le bànjié) | 吓得凉了半截 (xià de liáng le bànjié) | 让人凉了半截 (ràng rén liáng le bànjié),听到这个消息，我心里凉了半截。,"Tīngdào zhège xiāoxi, wǒ xīn li liáng le bànjié.",با شنیدن این خبر، یک‌دفعه دلم خالی شد.,
54,气量,qìliàng,NON-HSK,名,1,指人能容忍别人、包容事情的胸怀和度量（名）,سعهٔ‌صدر؛ ظرفیت روحی؛ جنبه (اسم),名,اسم,气量大 (qìliàng dà) | 有气量 (yǒu qìliàng) | 气量小 (qìliàng xiǎo) | 没有气量 (méiyǒu qìliàng),他很有气量，不会为小事生气。,"Tā hěn yǒu qìliàng, bú huì wèi xiǎoshì shēngqì.",او سعهٔ‌صدر دارد و برای چیزهای کوچک عصبانی نمی‌شود.,
55,度量,dùliàng,NON-HSK,名,1,指人宽容、能容人的胸怀，多用于评价人的气度（名）,سعهٔ‌صدر؛ بزرگواری؛ ظرفیت پذیرش دیگران (اسم),名,اسم,度量大 (dùliàng dà) | 有度量 (yǒu dùliàng) | 没有度量 (méiyǒu dùliàng) | 宽宏的度量 (kuānhóng de dùliàng),一个有度量的人，不会总是计较小事。,"Yí ge yǒu dùliàng de rén, bú huì zǒng shì jìjiào xiǎoshì.",آدمی که سعهٔ‌صدر دارد، همیشه سر چیزهای کوچک حساب‌وکتاب نمی‌کند.,
55,度量,dùliáng,NON-HSK,动,2,用标准、尺度等测量或衡量，偏书面或专业（及物动）,اندازه‌گیری کردن؛ سنجیدن (فعل گذرا، رسمی/تخصصی),及物动,فعل گذرا، رسمی/تخصصی,度量长度 (dùliáng chángdù) | 度量面积 (dùliáng miànjī) | 度量标准 (dùliáng biāozhǔn) | 难以度量 (nányǐ dùliáng),这种影响很难用数字度量。,Zhè zhǒng yǐngxiǎng hěn nán yòng shùzì dùliáng.,این نوع تأثیر را به‌سختی می‌توان با عدد سنجید.,
56,流行病,liúxíngbìng,NON-HSK,名,1,在一定地区或人群中广泛传播的疾病（名）,بیماری واگیر؛ بیماری همه‌گیر (اسم),名,اسم,一种流行病 (yì zhǒng liúxíngbìng) | 预防流行病 (yùfáng liúxíngbìng) | 流行病传播 (liúxíngbìng chuánbō) | 控制流行病 (kòngzhì liúxíngbìng),这种流行病传播得很快。,Zhè zhǒng liúxíngbìng chuánbō de hěn kuài.,این بیماری واگیر خیلی سریع پخش می‌شود.,
57,打乱,dǎluàn,NON-HSK,动,1,破坏原有的秩序、安排或节奏（及物动）,به‌هم زدن؛ مختل کردن (فعل گذرا),及物动,فعل گذرا,打乱计划 (dǎluàn jìhuà) | 打乱顺序 (dǎluàn shùnxù) | 打乱节奏 (dǎluàn jiézòu) | 打乱部署 (dǎluàn bùshǔ),这个意外打乱了我们原来的计划。,Zhège yìwài dǎluàn le wǒmen yuánlái de jìhuà.,این اتفاق غیرمنتظره برنامهٔ قبلی ما را به‌هم زد.,
58,搅乱,jiǎoluàn,NON-HSK,动,1,使原有的秩序、局面或思绪变得混乱（及物动）,آشفته کردن؛ به‌هم ریختن (فعل گذرا),及物动,فعل گذرا,搅乱局面 (jiǎoluàn júmiàn) | 搅乱秩序 (jiǎoluàn zhìxù) | 搅乱思绪 (jiǎoluàn sīxù) | 搅乱市场 (jiǎoluàn shìchǎng),这件事搅乱了他的思绪。,Zhè jiàn shì jiǎoluàn le tā de sīxù.,این موضوع افکارش را آشفته کرد.,
59,落得,luòde,NON-HSK,动,1,最终得到某种结果，多指不好的结果；也常用“落个＋名词”的形式（及物动）,سرانجام به نتیجه‌ای رسیدن، معمولاً ناخوشایند؛ همچنین به‌شکل «落个 + اسم» (فعل گذرا),及物动,فعل گذرا,落得一场空 (luòde yì chǎng kōng) | 落得如此下场 (luòde rúcǐ xiàchǎng) | 落得骂名 (luòde màmíng) | 落个坏名声 (luò ge huài míngsheng),他不听别人的劝告，最后落得一场空。,"Tā bù tīng biérén de quàngào, zuìhòu luòde yì chǎng kōng.",او به نصیحت دیگران گوش نداد و در نهایت دستش خالی ماند.,
60,噩梦,èmèng,NON-HSK,名,1,使人恐惧、痛苦或不安的梦（名）,کابوس (اسم),名,اسم,做噩梦 (zuò èmèng) | 从噩梦中惊醒 (cóng èmèng zhōng jīngxǐng) | 连续做噩梦 (liánxù zuò èmèng),我昨晚做了一个噩梦。,Wǒ zuówǎn zuò le yí ge èmèng.,دیشب کابوس دیدم.,
60,噩梦,èmèng,NON-HSK,名,2,比喻令人痛苦、恐惧或难以摆脱的经历或处境（名）,تجربه یا وضعیت کابوس‌وار (اسم),名,اسم,一场噩梦 (yì chǎng èmèng) | 成为噩梦 (chéngwéi èmèng) | 噩梦般的经历 (èmèng bān de jīnglì),那段经历成了他一生的噩梦。,Nà duàn jīnglì chéng le tā yìshēng de èmèng.,آن تجربه به کابوس تمام عمرش تبدیل شد.,
61,追梦,zhuīmèng,NON-HSK,动,1,为实现梦想而努力奋斗（不及物动）,برای رسیدن به رؤیا تلاش کردن (فعل ناگذر),不及物动,فعل ناگذر,勇敢追梦 (yǒnggǎn zhuīmèng) | 坚持追梦 (jiānchí zhuīmèng) | 一路追梦 (yílù zhuīmèng) | 追梦之路 (zhuīmèng zhī lù),无论遇到多少困难，他都没有放弃追梦。,"Wúlùn yùdào duōshao kùnnan, tā dōu méiyǒu fàngqì zhuīmèng.",هرقدر هم با سختی روبه‌رو شد، از دنبال کردن رؤیایش دست نکشید.,
62,角秒,jiǎomiǎo,NON-HSK,量,1,角度单位，一角秒等于六十分之一角分，即三千六百分之一度（量）,ثانیهٔ قوسی؛ یک‌شصتم دقیقهٔ قوسی یا یک‌سه‌هزاروششصدم درجه (واحد زاویه),量,واحد زاویه,一角秒 (yì jiǎomiǎo) | 几角秒 (jǐ jiǎomiǎo) | 角秒级精度 (jiǎomiǎo jí jīngdù) | 误差小于一角秒 (wùchā xiǎoyú yì jiǎomiǎo),这台望远镜的测量误差小于一角秒。,Zhè tái wàngyuǎnjìng de cèliáng wùchā xiǎoyú yì jiǎomiǎo.,خطای اندازه‌گیری این تلسکوپ کمتر از یک ثانیهٔ قوسی است.,
70,捉弄,zhuōnòng,NON-HSK,动,1,故意开玩笑或使人为难，以取乐（及物动）,دست انداختن؛ سر به سر گذاشتن (فعل گذرا),及物动,فعل گذرا,捉弄别人 (zhuōnòng biérén) | 故意捉弄 (gùyì zhuōnòng) | 被人捉弄 (bèi rén zhuōnòng) | 喜欢捉弄人 (xǐhuan zhuōnòng rén),他总喜欢捉弄同学。,Tā zǒng xǐhuan zhuōnòng tóngxué.,او همیشه دوست دارد همکلاسی‌هایش را دست بیندازد.,
71,愚弄,yúnòng,NON-HSK,动,1,欺骗或操纵别人，把别人当作傻子对待（及物动）,فریب دادن؛ بازیچه قرار دادن (فعل گذرا),及物动,فعل گذرا,愚弄公众 (yúnòng gōngzhòng) | 愚弄百姓 (yúnòng bǎixìng) | 被人愚弄 (bèi rén yúnòng) | 任人愚弄 (rèn rén yúnòng),不要以为你可以用谎言愚弄大家。,Bú yào yǐwéi nǐ kěyǐ yòng huǎngyán yúnòng dàjiā.,فکر نکن می‌توانی با دروغ همه را فریب بدهی.,
72,糊弄,hùnong,NON-HSK,动,1,用假话或不实手段欺骗别人，常用于口语（及物动）,فریب دادن؛ سر کسی را شیره مالیدن، محاوره‌ای (فعل گذرا),及物动,فعل گذرا,糊弄别人 (hùnong biérén) | 别想糊弄我 (bié xiǎng hùnong wǒ) | 用假话糊弄人 (yòng jiǎhuà hùnong rén) | 糊弄顾客 (hùnong gùkè),你别拿这种借口糊弄我。,Nǐ bié ná zhè zhǒng jièkǒu hùnong wǒ.,با این‌جور بهانه‌ها سر من را شیره نمال.,
72,糊弄,hùnong,NON-HSK,动,2,对事情敷衍应付，不认真完成，常用于口语（及物动）,رفع‌ورجوع کردن؛ سرهم‌بندی کردن، محاوره‌ای (فعل گذرا),及物动,فعل گذرا,糊弄工作 (hùnong gōngzuò) | 糊弄作业 (hùnong zuòyè) | 随便糊弄一下 (suíbiàn hùnong yíxià) | 糊弄过去 (hùnong guòqu),他随便糊弄了一下就把作业交了。,Tā suíbiàn hùnong le yíxià jiù bǎ zuòyè jiāo le.,او تکلیفش را سرهم‌بندی کرد و تحویل داد.,
73,篇章,piānzhāng,NON-HSK,名,1,完整的文章或文章中相对独立的部分，多用于书面语（名）,نوشته؛ بخش مستقلی از یک نوشته، بیشتر در نوشتار (اسم),名,اسم,优美的篇章 (yōuměi de piānzhāng) | 经典篇章 (jīngdiǎn piānzhāng) | 精彩篇章 (jīngcǎi piānzhāng) | 篇章结构 (piānzhāng jiégòu),这本书中有许多感人的篇章。,Zhè běn shū zhōng yǒu xǔduō gǎnrén de piānzhāng.,این کتاب بخش‌های تأثیرگذار زیادی دارد.,
73,篇章,piānzhāng,NON-HSK,名,2,比喻历史、事业或人生发展中的一个阶段或成就，多用于书面语（名）,فصل یا مرحله‌ای از تاریخ، کار یا زندگی، به‌صورت استعاری (اسم),名,اسم,新的篇章 (xīn de piānzhāng) | 历史篇章 (lìshǐ piānzhāng) | 辉煌篇章 (huīhuáng piānzhāng) | 开启新篇章 (kāiqǐ xīn piānzhāng),这次合作开启了双方关系的新篇章。,Zhè cì hézuò kāiqǐ le shuāngfāng guānxì de xīn piānzhāng.,این همکاری فصل تازه‌ای در روابط دو طرف گشود.,
74,成气候,chéng qìhòu,NON-HSK,动,1,发展到一定规模并形成较大影响；否定形式常表示难有发展或作为（不及物动）,به جایی رسیدن؛ جا افتادن و قدرت یا تأثیر پیدا کردن؛ در حالت منفی: به جایی نرسیدن (فعل ناگذر),不及物动,فعل ناگذر,逐渐成气候 (zhújiàn chéng qìhòu) | 已经成了气候 (yǐjīng chéng le qìhòu) | 不成气候 (bù chéng qìhòu) | 成不了气候 (chéngbuliǎo qìhòu),这些小公司规模太小，还成不了气候。,"Zhèxiē xiǎo gōngsī guīmó tài xiǎo, hái chéngbuliǎo qìhòu.",این شرکت‌های کوچک هنوز آن‌قدر بزرگ نشده‌اند که قدرت و تأثیر قابل‌توجهی پیدا کنند.,
75,轻信,qīngxìn,NON-HSK,动,1,没有充分了解或核实就轻易相信（及物动）,نسنجیده باور کردن؛ زود باور کردن (فعل گذرا),及物动,فعل گذرا,轻信谣言 (qīngxìn yáoyán) | 轻信传闻 (qīngxìn chuánwén) | 轻信陌生人 (qīngxìn mòshēngrén) | 不可轻信 (bùkě qīngxìn),不要轻信网上的传言。,Bú yào qīngxìn wǎngshàng de chuányán.,شایعات اینترنتی را نسنجیده باور نکن.,
76,却步,quèbù,NON-HSK,动,1,因害怕、困难或条件不利而停止前进或向后退缩（不及物动）,پا پس کشیدن؛ جا زدن؛ منصرف شدن (فعل ناگذر),不及物动,فعل ناگذر,因困难却步 (yīn kùnnan quèbù) | 令人却步 (lìng rén quèbù) | 不敢却步 (bù gǎn quèbù) | 望而却步 (wàng ér quèbù),高昂的价格让许多消费者却步。,Gāo'áng de jiàgé ràng xǔduō xiāofèizhě quèbù.,قیمت بالا بسیاری از مصرف‌کنندگان را منصرف کرد.,
77,推却,tuīquè,NON-HSK,动,1,拒绝接受邀请、好意、责任等，多用于书面语（及物动）,رد کردن؛ نپذیرفتن، بیشتر در نوشتار (فعل گذرا),及物动,فعل گذرا,推却邀请 (tuīquè yāoqǐng) | 推却好意 (tuīquè hǎoyì) | 推却责任 (tuīquè zérèn) | 再三推却 (zàisān tuīquè),他客气地推却了朋友的邀请。,Tā kèqi de tuīquè le péngyou de yāoqǐng.,او مؤدبانه دعوت دوستش را نپذیرفت.,
78,忘却,wàngquè,NON-HSK,动,1,忘记，不再记得，多用于书面语（及物动）,فراموش کردن؛ از یاد بردن، بیشتر در نوشتار (فعل گذرا),及物动,فعل گذرا,忘却往事 (wàngquè wǎngshì) | 难以忘却 (nányǐ wàngquè) | 无法忘却 (wúfǎ wàngquè) | 永不忘却 (yǒng bù wàngquè),那段经历我永远无法忘却。,Nà duàn jīnglì wǒ yǒngyuǎn wúfǎ wàngquè.,هرگز نمی‌توانم آن تجربه را از یاد ببرم.,
79,了却,liǎoquè,NON-HSK,动,1,使心愿得到实现，或使牵挂的事情得到解决，多用于书面语（及物动）,به سرانجام رساندن؛ برآورده کردن، بیشتر در نوشتار (فعل گذرا),及物动,فعل گذرا,了却心愿 (liǎoquè xīnyuàn) | 了却心事 (liǎoquè xīnshì) | 终于了却 (zhōngyú liǎoquè) | 了却多年心愿 (liǎoquè duōnián xīnyuàn),他终于了却了多年的心愿。,Tā zhōngyú liǎoquè le duōnián de xīnyuàn.,او سرانجام آرزوی چندین‌ساله‌اش را برآورده کرد.,
80,单数,dānshù,NON-HSK,名,1,不能被二整除的整数，和“双数、偶数”相对（名）,عدد فرد (اسم),名,اسم,一个单数 (yí ge dānshù) | 单数和双数 (dānshù hé shuāngshù) | 判断单数 (pànduàn dānshù) | 两个单数相加 (liǎng ge dānshù xiāngjiā),七是单数，八是双数。,"Qī shì dānshù, bā shì shuāngshù.",هفت عدد فرد و هشت عدد زوج است.,
80,单数,dānshù,NON-HSK,名,2,语法中表示一个人或事物的形式，和“复数”相对（名）,مفرد، در دستور زبان (اسم),名,اسم,单数形式 (dānshù xíngshì) | 名词单数 (míngcí dānshù) | 第三人称单数 (dì-sān rénchēng dānshù) | 单数主语 (dānshù zhǔyǔ),这个名词用单数形式。,Zhège míngcí yòng dānshù xíngshì.,این اسم به‌شکل مفرد به کار می‌رود.,
81,复数,fùshù,NON-HSK,名,1,语法中表示两个或两个以上的人或事物的形式，和“单数”相对（名）,جمع، در دستور زبان (اسم),名,اسم,复数形式 (fùshù xíngshì) | 名词复数 (míngcí fùshù) | 变成复数 (biànchéng fùshù) | 单数和复数 (dānshù hé fùshù),“Books”是“book”的复数形式。,“Books” shì “book” de fùshù xíngshì.,«Books» شکل جمع «book» است.,
81,复数,fùshù,NON-HSK,名,2,数学中由实部和虚部组成的数（名）,عدد مختلط، در ریاضی (اسم),名,اسم,一个复数 (yí ge fùshù) | 复数运算 (fùshù yùnsuàn) | 复数的实部 (fùshù de shíbù) | 复数的虚部 (fùshù de xūbù),这个方程的解是一个复数。,Zhège fāngchéng de jiě shì yí ge fùshù.,جواب این معادله یک عدد مختلط است.,
82,实数,shíshù,NON-HSK,名,1,数学中不含虚数部分、可以在数轴上表示的数（名）,عدد حقیقی، در ریاضی (اسم),名,اسم,一个实数 (yí ge shíshù) | 正实数 (zhèng shíshù) | 实数范围 (shíshù fànwéi) | 实数解 (shíshù jiě),这个方程没有实数解。,Zhège fāngchéng méiyǒu shíshù jiě.,این معادله جواب حقیقی ندارد.,
83,双数,shuāngshù,NON-HSK,名,1,能够被二整除的整数，和“单数、奇数”相对（名）,عدد زوج (اسم),名,اسم,一个双数 (yí ge shuāngshù) | 单数和双数 (dānshù hé shuāngshù) | 双数号码 (shuāngshù hàomǎ) | 人数是双数 (rénshù shì shuāngshù),七是单数，八是双数。,"Qī shì dānshù, bā shì shuāngshù.",هفت عدد فرد و هشت عدد زوج است.,
84,脱漏,tuōlòu,NON-HSK,动,1,因疏忽而遗漏文字、内容或事项，多用于书面语（动）,از قلم انداختن؛ جا انداختن (فعل، نوشتاری),动,فعل، نوشتاری,有所脱漏 (yǒusuǒ tuōlòu) | 避免脱漏 (bìmiǎn tuōlòu) | 脱漏了两项内容 (tuōlòu le liǎng xiàng nèiróng),审核后发现名单中脱漏了两个名字。,Shěnhé hòu fāxiàn míngdān zhōng tuōlòu le liǎng ge míngzi.,پس از بررسی مشخص شد که دو نام از فهرست جا افتاده است.,
85,鲜嫩,xiānnèn,NON-HSK,形,1,食物或植物新鲜而柔嫩（形）,تازه و نرم؛ لطیف (صفت),形,صفت,肉质鲜嫩 (ròuzhì xiānnèn) | 口感鲜嫩 (kǒugǎn xiānnèn) | 保持鲜嫩 (bǎochí xiānnèn),这条鱼的肉十分鲜嫩。,Zhè tiáo yú de ròu shífēn xiānnèn.,گوشت این ماهی بسیار تازه و نرم است.,
86,鲜亮,xiānliàng,NON-HSK,形,1,颜色鲜艳明亮，外表显得清新好看（形）,زنده و درخشان؛ خوش‌رنگ (صفت),形,صفت,颜色鲜亮 (yánsè xiānliàng) | 鲜亮的外套 (xiānliàng de wàitào) | 穿得很鲜亮 (chuān de hěn xiānliàng),这件外套颜色鲜亮，很适合春天穿。,"Zhè jiàn wàitào yánsè xiānliàng, hěn shìhé chūntiān chuān.",رنگ این کت زنده و درخشان است و برای بهار خیلی مناسب است.,
87,压低,yādī,NON-HSK,动,1,使声音、价格、水平等降低（及物动）,پایین آوردن؛ کاهش دادن (فعل گذرا),及物动,فعل گذرا,压低声音 (yādī shēngyīn) | 压低价格 (yādī jiàgé) | 压低成本 (yādī chéngběn),她压低声音对我说了几句话。,Tā yādī shēngyīn duì wǒ shuō le jǐ jù huà.,او صدایش را پایین آورد و چند جمله به من گفت.,
88,暗号,ànhào,NON-HSK,名,1,事先约定、用来秘密传递信息或确认身份的声音、动作、词语等（名）,رمز؛ علامت رمزی (اسم),名,اسم,约定暗号 (yuēdìng ànhào) | 发出暗号 (fāchū ànhào) | 对上暗号 (duìshàng ànhào),他向门外的同伴发出了暗号。,Tā xiàng ménwài de tóngbàn fāchū le ànhào.,او علامت رمزی را برای همراهش در بیرون فرستاد.,
89,暗道,àndào,NON-HSK,名,1,隐藏起来、不容易被发现的通道（名）,راهرو مخفی؛ گذرگاه پنهانی (اسم),名,اسم,一条暗道 (yì tiáo àndào) | 发现暗道 (fāxiàn àndào) | 通过暗道 (tōngguò àndào),他们在墙后发现了一条暗道。,Tāmen zài qiáng hòu fāxiàn le yì tiáo àndào.,آن‌ها پشت دیوار گذرگاهی مخفی پیدا کردند.,
90,暗门,ànmén,NON-HSK,名,1,隐藏起来、不容易被发现的门（名）,درِ مخفی (اسم),名,اسم,一扇暗门 (yí shàn ànmén) | 打开暗门 (dǎkāi ànmén) | 暗门后面 (ànmén hòumian),书架后面藏着一扇暗门。,Shūjià hòumian cángzhe yí shàn ànmén.,پشت قفسهٔ کتاب یک درِ مخفی پنهان شده بود.,
91,暗自,ànzì,NON-HSK,副,1,在心里产生某种想法或感情，不表现出来（副）,در دل؛ پیش خود (قید),副,قید,暗自高兴 (ànzì gāoxìng) | 暗自决定 (ànzì juédìng) | 暗自松了一口气 (ànzì sōng le yì kǒu qì),听到这个消息后，她暗自松了一口气。,"Tīngdào zhège xiāoxi hòu, tā ànzì sōng le yì kǒu qì.",پس از شنیدن این خبر، در دل نفس راحتی کشید.,
92,三更半夜,sān gēng bàn yè,NON-HSK,成,1,深夜；常带有时间太晚、给人造成不便的语气（成语，口语）,نصف‌شب؛ این وقت شب (اصطلاح، محاوره‌ای),成语，口语,اصطلاح، محاوره‌ای,三更半夜回家 (sān gēng bàn yè huí jiā) | 三更半夜打电话 (sān gēng bàn yè dǎ diànhuà) | 三更半夜不睡觉 (sān gēng bàn yè bú shuìjiào),你三更半夜给我打电话，有什么急事吗？,"Nǐ sān gēng bàn yè gěi wǒ dǎ diànhuà, yǒu shénme jíshì ma?",این وقت شب به من زنگ زده‌ای؛ اتفاق فوری‌ای افتاده؟,
93,排便,páibiàn,NON-HSK,动,1,把粪便排出体外（不及物动，医学或健康用语）,اجابت مزاج کردن؛ دفع مدفوع کردن (فعل ناگذر، پزشکی و سلامت),不及物动，医学或健康用语,فعل ناگذر، پزشکی و سلامت,正常排便 (zhèngcháng páibiàn) | 排便困难 (páibiàn kùnnan) | 定时排便 (dìngshí páibiàn) | 促进排便 (cùjìn páibiàn),他最近排便有些困难。,Tā zuìjìn páibiàn yǒuxiē kùnnan.,او اخیراً برای اجابت مزاج کمی مشکل دارد.,
94,水池,shuǐchí,NON-HSK,名,1,人工建造的蓄水设施或较小的水池（名）,حوض؛ مخزن آب (اسم),名,اسم,修建水池 (xiūjiàn shuǐchí) | 清洗水池 (qīngxǐ shuǐchí) | 水池里的水 (shuǐchí li de shuǐ) | 一个小水池 (yí ge xiǎo shuǐchí),院子里有一个小水池。,Yuànzi li yǒu yí ge xiǎo shuǐchí.,در حیاط یک حوض کوچک هست.,
95,充电站,chōngdiànzhàn,NON-HSK,名,1,为电动汽车等提供充电设备和服务的场所（名）,ایستگاه شارژ وسایل نقلیهٔ برقی (اسم),名,اسم,公共充电站 (gōnggòng chōngdiànzhàn) | 建设充电站 (jiànshè chōngdiànzhàn) | 寻找充电站 (xúnzhǎo chōngdiànzhàn) | 附近的充电站 (fùjìn de chōngdiànzhàn),附近有一个电动汽车充电站。,Fùjìn yǒu yí ge diàndòng qìchē chōngdiànzhàn.,در نزدیکی یک ایستگاه شارژ خودروهای برقی هست.,
96,臭味,chòuwèi,NON-HSK,名,1,难闻的气味（名）,بوی بد؛ بوی گند (اسم),名,اسم,散发臭味 (sànfā chòuwèi) | 难闻的臭味 (nánwén de chòuwèi) | 一股臭味 (yì gǔ chòuwèi),厨房里有一股奇怪的臭味。,Chúfáng lǐ yǒu yì gǔ qíguài de chòuwèi.,توی آشپزخونه یه بوی بد و عجیبی میاد.,
97,臭气,chòuqì,NON-HSK,名,1,散发在空气中的难闻气味，通常较强烈（名）,بوی گند؛ بوی بد و شدید (اسم),名,اسم,散发臭气 (sànfā chòuqì) | 一股臭气 (yì gǔ chòuqì) | 阵阵臭气 (zhènzhèn chòuqì),垃圾堆不断散发出臭气。,Lājīduī búduàn sànfā chū chòuqì.,از تودهٔ زباله مدام بوی گند بلند می‌شه.,
98,臭名远扬,chòumíng-yuǎnyáng,NON-HSK,形,1,坏名声传播得很远（贬义）（形）,بدنام در همه‌جا (صفت),形,صفت,在当地臭名远扬 (zài dāngdì chòumíng-yuǎnyáng) | 因此臭名远扬 (yīncǐ chòumíng-yuǎnyáng),这家公司因欺骗顾客而臭名远扬。,Zhè jiā gōngsī yīn qīpiàn gùkè ér chòumíng-yuǎnyáng.,این شرکت به‌خاطر فریب‌دادن مشتری‌ها همه‌جا بدنام شده.,
99,丑事,chǒushì,NON-HSK,名,1,不光彩、令人羞耻的事情（名）,کار شرم‌آور؛ رسوایی (اسم),名,اسم,做出丑事 (zuòchū chǒushì) | 隐瞒丑事 (yǐnmán chǒushì) | 公开丑事 (gōngkāi chǒushì),他不愿让别人知道这件丑事。,Tā bú yuàn ràng biérén zhīdào zhè jiàn chǒushì.,او نمی‌خواست بقیه از این کار شرم‌آور باخبر بشن.,
100,抽打,chōudǎ,NON-HSK,动,1,用鞭子等反复地打；也指风雨等连续拍打（动）,شلاق زدن؛ پی‌درپی کوبیدن (فعل),动,فعل,用鞭子抽打 (yòng biānzi chōudǎ) | 不停地抽打 (bùtíng de chōudǎ) | 雨点抽打窗户 (yǔdiǎn chōudǎ chuānghu),雨点不停地抽打着窗户。,Yǔdiǎn bùtíng de chōudǎ zhe chuānghu.,قطره‌های باران مدام به پنجره می‌کوبیدند.,
101,抽筋,chōujīn,NON-HSK,动,1,肌肉突然收缩并感到疼痛（动）,گرفتن عضله؛ دچار گرفتگی شدن (فعل),动,فعل,腿抽筋 (tuǐ chōujīn) | 突然抽筋 (tūrán chōujīn) | 游泳时抽筋 (yóuyǒng shí chōujīn),游泳时我的小腿突然抽筋了。,Yóuyǒng shí wǒ de xiǎotuǐ tūrán chōujīn le.,موقع شنا ساق پام ناگهان گرفت.,
102,独处,dúchǔ,NON-HSK,动,1,独自一人生活或待着（动）,تنها بودن؛ در تنهایی وقت گذراندن (فعل),动,فعل,喜欢独处 (xǐhuan dúchǔ) | 安静地独处 (ānjìng de dúchǔ) | 独处一会儿 (dúchǔ yí huìr),忙了一天后，我想独处一会儿。,"Máng le yì tiān hòu, wǒ xiǎng dúchǔ yí huìr.",بعد از یک روز شلوغ، می‌خوام یک‌کم تنها باشم.,
103,代代相传,dàidài xiāngchuán,NON-HSK,动,1,一代一代地传承下去（动）,نسل‌به‌نسل منتقل شدن (فعل),动,فعل,技艺代代相传 (jìyì dàidài xiāngchuán) | 习俗代代相传 (xísú dàidài xiāngchuán) | 在家族中代代相传 (zài jiāzú zhōng dàidài xiāngchuán),这门手艺在他们家代代相传。,Zhè mén shǒuyì zài tāmen jiā dàidài xiāngchuán.,این هنر در خانوادهٔ آن‌ها نسل‌به‌نسل منتقل شده.,
104,初恋,chūliàn,NON-HSK,名,1,第一次恋爱的经历或感情（名）,عشق اول؛ نخستین تجربهٔ عاشقانه (اسم),名,اسم,难忘的初恋 (nánwàng de chūliàn) | 回忆初恋 (huíyì chūliàn) | 初恋的感觉 (chūliàn de gǎnjué),初恋的感觉总是让人难忘。,Chūliàn de gǎnjué zǒngshì ràng rén nánwàng.,حس عشق اول همیشه فراموش‌نشدنیه.,
104,初恋,chūliàn,NON-HSK,名,2,第一次恋爱时所爱的人（名）,اولین معشوق (اسم),名,اسم,遇见初恋 (yùjiàn chūliàn) | 忘不了初恋 (wàngbuliǎo chūliàn) | 她的初恋 (tā de chūliàn),她是我的初恋。,Tā shì wǒ de chūliàn.,اون اولین عشق من بود.,
106,初次,chūcì,NON-HSK,副,1,第一次（副）,برای نخستین بار (قید),副,قید,初次见面 (chūcì jiànmiàn) | 初次尝试 (chūcì chángshì) | 初次登台 (chūcì dēngtái),这是我初次参加这样的比赛。,Zhè shì wǒ chūcì cānjiā zhèyàng de bǐsài.,این اولین باره که در چنین مسابقه‌ای شرکت می‌کنم.,
107,月初,yuèchū,NON-HSK,名,1,一个月开始的几天（名）,اوایل ماه (اسم),名,اسم,本月初 (běn yuèchū) | 下月初 (xià yuèchū) | 每月初 (měi yuèchū),工资通常在每月初发。,Gōngzī tōngcháng zài měi yuèchū fā.,حقوق معمولاً اوایل هر ماه پرداخت می‌شه.,
108,创业者,chuàngyèzhě,NON-HSK,名,1,创办并经营自己事业或企业的人（名）,کارآفرین؛ راه‌انداز کسب‌وکار (اسم),名,اسم,年轻创业者 (niánqīng chuàngyèzhě) | 成功的创业者 (chénggōng de chuàngyèzhě) | 支持创业者 (zhīchí chuàngyèzhě),政府为年轻创业者提供了很多帮助。,Zhèngfǔ wèi niánqīng chuàngyèzhě tígōng le hěn duō bāngzhù.,دولت کمک‌های زیادی در اختیار کارآفرین‌های جوان گذاشته.,
109,出版社,chūbǎnshè,NON-HSK,名,1,编辑并出版书籍等出版物的机构（名）,انتشارات؛ مؤسسهٔ نشر (اسم),名,اسم,大型出版社 (dàxíng chūbǎnshè) | 联系出版社 (liánxì chūbǎnshè) | 在出版社工作 (zài chūbǎnshè gōngzuò),这本书由一家北京的出版社出版。,Zhè běn shū yóu yì jiā Běijīng de chūbǎnshè chūbǎn.,این کتاب رو یکی از مؤسسه‌های انتشاراتی پکن منتشر کرده.,
110,词汇量,cíhuìliàng,NON-HSK,名,1,个人掌握或某个文本、资料中包含的词汇数量（名）,دایرهٔ واژگان؛ تعداد واژه‌ها (اسم),名,اسم,扩大词汇量 (kuòdà cíhuìliàng) | 词汇量很大 (cíhuìliàng hěn dà) | 基础词汇量 (jīchǔ cíhuìliàng),多阅读可以帮助你扩大词汇量。,Duō yuèdú kěyǐ bāngzhù nǐ kuòdà cíhuìliàng.,زیاد مطالعه‌کردن می‌تونه دایرهٔ واژگانت رو گسترش بده.,
111,催熟,cuīshú,NON-HSK,动,1,用人工方法促使果实等提前成熟（动）,به‌طور مصنوعی رسیده کردن (فعل),动,فعل,催熟水果 (cuīshú shuǐguǒ) | 用药物催熟 (yòng yàowù cuīshú) | 自然催熟 (zìrán cuīshú),这些香蕉可以和苹果放在一起催熟。,Zhèxiē xiāngjiāo kěyǐ hé píngguǒ fàng zài yìqǐ cuīshú.,می‌شه این موزها رو کنار سیب گذاشت تا زودتر برسن.,
111,催熟,cuīshú,NON-HSK,动,2,促使事物提前发展成熟（比喻）（动）,سریع‌تر به بلوغ رساندن (استعاری) (فعل),动,فعل,催熟市场 (cuīshú shìchǎng) | 催熟产业 (cuīshú chǎnyè) | 催熟商业模式 (cuīshú shāngyè móshì),新技术正在催熟这个市场。,Xīn jìshù zhèngzài cuīshú zhège shìchǎng.,فناوری جدید داره این بازار رو سریع‌تر به بلوغ می‌رسونه.,
112,催生,cuīshēng,NON-HSK,动,1,用药物等促使孕妇分娩（医疗）（动）,زایمان را القا کردن (پزشکی) (فعل),动,فعل,药物催生 (yàowù cuīshēng) | 进行催生 (jìnxíng cuīshēng) | 决定催生 (juédìng cuīshēng),医生决定用药物催生。,Yīshēng juédìng yòng yàowù cuīshēng.,پزشک تصمیم گرفت زایمان رو با دارو القا کنه.,
112,催生,cuīshēng,NON-HSK,动,2,促使新事物产生或出现（比喻）（动）,باعث شکل‌گیری یا پیدایش شدن (استعاری) (فعل),动,فعل,催生新行业 (cuīshēng xīn hángyè) | 催生新需求 (cuīshēng xīn xūqiú) | 催生新的机会 (cuīshēng xīn de jīhuì),互联网催生了许多新的商业模式。,Hùliánwǎng cuīshēng le xǔduō xīn de shāngyè móshì.,اینترنت باعث شکل‌گیری مدل‌های تجاری جدید زیادی شد.,
112,催生,cuīshēng,NON-HSK,动,3,催促别人结婚后尽快生孩子（口语）（动）,برای بچه‌دارشدن به کسی فشار آوردن (محاوره‌ای) (فعل),动,فعل,被父母催生 (bèi fùmǔ cuīshēng) | 不停地催生 (bùtíng de cuīshēng) | 催年轻人生孩子 (cuī niánqīngrén shēng háizi),他们刚结婚，父母就开始催生了。,"Tāmen gāng jiéhūn, fùmǔ jiù kāishǐ cuīshēng le.",تازه ازدواج کرده بودن که پدر و مادرهاشون شروع کردن برای بچه‌دارشدن بهشون فشار بیارن.,
113,催化,cuīhuà,NON-HSK,动,1,通过催化剂加快化学反应（化学）（动）,واکنش شیمیایی را کاتالیز کردن (شیمی) (فعل),动,فعل,催化化学反应 (cuīhuà huàxué fǎnyìng) | 酶催化反应 (méi cuīhuà fǎnyìng) | 催化反应过程 (cuīhuà fǎnyìng guòchéng),这种物质可以催化化学反应。,Zhè zhǒng wùzhì kěyǐ cuīhuà huàxué fǎnyìng.,این ماده می‌تونه واکنش شیمیایی رو کاتالیز کنه.,
113,催化,cuīhuà,NON-HSK,动,2,促使某种变化更快发生（比喻）（动）,به تغییر یا تحول سرعت بخشیدن (استعاری) (فعل),动,فعل,催化社会变革 (cuīhuà shèhuì biàngé) | 催化市场变化 (cuīhuà shìchǎng biànhuà) | 催化矛盾升级 (cuīhuà máodùn shēngjí),这次事件催化了社会观念的变化。,Zhè cì shìjiàn cuīhuà le shèhuì guānniàn de biànhuà.,این اتفاق به تغییر نگرش‌های اجتماعی سرعت بخشید.,
114,代办,dàibàn,NON-HSK,动,1,受委托代替别人办理事情或手续（动）,به نمایندگی از کسی انجام دادن (فعل),动,فعل,代办手续 (dàibàn shǒuxù) | 代办业务 (dàibàn yèwù) | 委托他人代办 (wěituō tārén dàibàn),这些手续可以委托律师代办。,Zhèxiē shǒuxù kěyǐ wěituō lǜshī dàibàn.,می‌شه انجام این مراحل اداری رو به وکیل سپرد.,
115,代付,dàifù,NON-HSK,动,1,代替别人支付费用或款项（动）,به‌جای کسی پول یا هزینه‌ای را پرداخت کردن (فعل),动,فعل,代付费用 (dàifù fèiyòng) | 代付医药费 (dàifù yīyàofèi) | 由公司代付 (yóu gōngsī dàifù),这笔费用先由公司代付。,Zhè bǐ fèiyòng xiān yóu gōngsī dàifù.,این هزینه رو فعلاً شرکت پرداخت می‌کنه.,
116,代签,dàiqiān,NON-HSK,动,1,代替别人签字或签收物品（动）,به‌جای کسی امضا یا مرسوله‌ای را تحویل گرفتن (فعل),动,فعل,代签文件 (dàiqiān wénjiàn) | 代签合同 (dàiqiān hétong) | 代签快递 (dàiqiān kuàidì),我不在家，请同事帮我代签快递。,"Wǒ bú zài jiā, qǐng tóngshì bāng wǒ dàiqiān kuàidì.",خونه نیستم؛ از همکارم خواستم بسته رو به‌جام تحویل بگیره.,
117,登高,dēnggāo,NON-HSK,动,1,登上山或其他高处，多用于书面语或传统习俗（书面）（动）,به جای بلندی صعود کردن (رسمی) (فعل),动,فعل,重阳登高 (Chóngyáng dēnggāo) | 登高远望 (dēnggāo yuǎnwàng) | 登高赏景 (dēnggāo shǎngjǐng),重阳节那天，人们常常一起登高。,"Chóngyáng Jié nà tiān, rénmen chángcháng yìqǐ dēnggāo.",روز جشن چونگ‌یانگ، مردم معمولاً با هم به جاهای بلند می‌رن.,
118,登报,dēngbào,NON-HSK,动,1,把消息、广告或声明刊登在报纸上（动）,در روزنامه آگهی یا اطلاعیه چاپ کردن (فعل),动,فعل,登报声明 (dēngbào shēngmíng) | 登报道歉 (dēngbào dàoqiàn) | 登报寻找失主 (dēngbào xúnzhǎo shīzhǔ),他登报声明这张证件已经作废。,Tā dēngbào shēngmíng zhè zhāng zhèngjiàn yǐjīng zuòfèi.,او در روزنامه اعلام کرد که این مدرک دیگه اعتبار نداره.,
119,调取,diàoqǔ,NON-HSK,动,1,从档案、系统等处提取资料、数据或记录（较正式）（动）,پرونده، داده یا اطلاعاتی را بازیابی کردن (رسمی) (فعل),动,فعل,调取档案 (diàoqǔ dàng'àn) | 调取数据 (diàoqǔ shùjù) | 调取监控录像 (diàoqǔ jiānkòng lùxiàng) | 依法调取 (yīfǎ diàoqǔ),警方正在调取附近的监控录像。,Jǐngfāng zhèngzài diàoqǔ fùjìn de jiānkòng lùxiàng.,پلیس داره تصاویر دوربین‌های اطراف رو بازیابی می‌کنه.,
120,山洞,shāndòng,NON-HSK,名,1,山中天然形成的洞穴（名）,غار؛ غار کوهستانی (اسم),名,اسم,一个山洞 (yí ge shāndòng) | 进入山洞 (jìnrù shāndòng) | 躲进山洞 (duǒ jìn shāndòng) | 山洞深处 (shāndòng shēnchù),他们在山脚下发现了一个山洞。,Tāmen zài shānjiǎo xià fāxiàn le yí ge shāndòng.,اون‌ها پای کوه یک غار پیدا کردن.,
121,麻婆豆腐,mápó dòufu,NON-HSK,名,1,用豆腐、肉末、辣椒等制成的一道四川菜（名）,توفوی ماپو؛ خوراک تند توفو به سبک سیچوان (اسم),名,اسم,一盘麻婆豆腐 (yì pán mápó dòufu) | 做麻婆豆腐 (zuò mápó dòufu) | 吃麻婆豆腐 (chī mápó dòufu),我很喜欢吃麻婆豆腐。,Wǒ hěn xǐhuan chī mápó dòufu.,من خیلی دوست دارم توفوی ماپو بخورم.,
122,欢度,huāndù,NON-HSK,动,1,欢乐地度过节日或喜庆日子（较正式）（动）,جشن گرفتن؛ با شادی سپری کردن (رسمی) (فعل),动,فعل,欢度春节 (huāndù Chūnjié) | 欢度国庆 (huāndù Guóqìng) | 欢度佳节 (huāndù jiājié) | 一起欢度节日 (yìqǐ huāndù jiérì),大家一起欢度春节。,Dàjiā yìqǐ huāndù Chūnjié.,همه با هم جشن بهار رو جشن گرفتن.,
123,断电,duàndiàn,NON-HSK,动,1,电力供应中断；也指切断电源（动）,برق قطع شدن؛ برق را قطع کردن (فعل),动,فعل,突然断电 (tūrán duàndiàn) | 暂时断电 (zànshí duàndiàn) | 设备断电 (shèbèi duàndiàn) | 主动断电 (zhǔdòng duàndiàn),昨天晚上小区突然断电了。,Zuótiān wǎnshang xiǎoqū tūrán duàndiàn le.,دیشب برق مجتمع ناگهان قطع شد.,
124,断网,duànwǎng,NON-HSK,动,1,网络连接中断；也指主动切断网络（口语）（动）,اینترنت قطع شدن؛ اینترنت را قطع کردن (محاوره‌ای) (فعل),动,فعل,突然断网 (tūrán duànwǎng) | 家里断网 (jiālǐ duànwǎng) | 暂时断网 (zànshí duànwǎng) | 断网一小时 (duànwǎng yì xiǎoshí),开会时网络突然断网了。,Kāihuì shí wǎngluò tūrán duànwǎng le.,وسط جلسه اینترنت ناگهان قطع شد.,
125,断水,duànshuǐ,NON-HSK,动,1,供水中断；也指切断水的供应（动）,آب قطع شدن؛ آب را قطع کردن (فعل),动,فعل,突然断水 (tūrán duànshuǐ) | 小区断水 (xiǎoqū duànshuǐ) | 暂时断水 (zànshí duànshuǐ) | 断水一天 (duànshuǐ yì tiān),我们小区今天上午断水了。,Wǒmen xiǎoqū jīntiān shàngwǔ duànshuǐ le.,آب مجتمع ما امروز صبح قطع شد.,
126,扬长避短,yángcháng-bìduǎn,NON-HSK,动,1,发挥长处，避开或弥补短处（动）,از نقاط قوت بهره‌گرفتن و ضعف‌ها را کنارزدن (فعل),动,فعل,善于扬长避短 (shànyú yángcháng-bìduǎn) | 学会扬长避短 (xuéhuì yángcháng-bìduǎn) | 做到扬长避短 (zuòdào yángcháng-bìduǎn),每个人都应该学会扬长避短。,Měi ge rén dōu yīnggāi xuéhuì yángcháng-bìduǎn.,هر کسی باید یاد بگیره از نقاط قوتش استفاده کنه و ضعف‌هاش رو کاهش بده.,
127,独立自主,dúlì-zìzhǔ,NON-HSK,形,1,不依靠别人，也不受外部力量控制，自主决定和行动（较正式）（形）,مستقل و خودمختار؛ متکی به خود (رسمی) (صفت),形,صفت,坚持独立自主 (jiānchí dúlì-zìzhǔ) | 独立自主的国家 (dúlì-zìzhǔ de guójiā) | 独立自主地发展 (dúlì-zìzhǔ de fāzhǎn) | 独立自主的原则 (dúlì-zìzhǔ de yuánzé),这个国家坚持独立自主的发展道路。,Zhège guójiā jiānchí dúlì-zìzhǔ de fāzhǎn dàolù.,این کشور بر مسیر توسعهٔ مستقل و متکی به خود پافشاری می‌کنه.,
128,躲开,duǒkāi,NON-HSK,动,1,迅速避开某人或某物；从原来的位置让开（动）,کنار رفتن؛ از کسی یا چیزی دوری کردن (فعل),动,فعل,赶紧躲开 (gǎnjǐn duǒkāi) | 躲开车辆 (duǒkāi chēliàng) | 躲开他 (duǒkāi tā) | 往旁边躲开 (wǎng pángbiān duǒkāi),看到车开过来，他赶紧躲开了。,"Kàndào chē kāi guòlái, tā gǎnjǐn duǒkāi le.",وقتی دید ماشین داره میاد، سریع رفت کنار.,
129,儿女双全,érnǚ-shuāngquán,NON-HSK,形,1,既有儿子又有女儿，常带有传统观念色彩（形）,هم پسر و هم دختر داشتن (با نگرش سنتی) (صفت),形,صفت,已经儿女双全 (yǐjīng érnǚ-shuāngquán) | 希望儿女双全 (xīwàng érnǚ-shuāngquán) | 儿女双全的家庭 (érnǚ-shuāngquán de jiātíng),他们有一个儿子和一个女儿，已经儿女双全了。,"Tāmen yǒu yí ge érzi hé yí ge nǚ'ér, yǐjīng érnǚ-shuāngquán le.",اون‌ها هم یک پسر دارن هم یک دختر.,
130,防火,fánghuǒ,NON-HSK,动/形,1,预防火灾发生（动）,از آتش‌سوزی پیشگیری کردن (فعل),动,فعل,注意防火 (zhùyì fánghuǒ) | 加强防火 (jiāqiáng fánghuǒ) | 森林防火 (sēnlín fánghuǒ),冬天使用电暖器时要注意防火。,Dōngtiān shǐyòng diànnuǎnqì shí yào zhùyì fánghuǒ.,موقع استفاده از بخاری برقی در زمستون باید مراقب آتش‌سوزی بود.,
130,防火,fánghuǒ,NON-HSK,动/形,2,能够防止燃烧或阻止火势蔓延的（形）,ضدحریق؛ مقاوم در برابر آتش (صفت),形,صفت,防火材料 (fánghuǒ cáiliào) | 防火门 (fánghuǒ mén) | 防火设计 (fánghuǒ shèjì),这座大楼安装了防火门。,Zhè zuò dàlóu ānzhuāng le fánghuǒ mén.,در این ساختمان درهای ضدحریق نصب شده.,
131,反复无常,fǎnfù-wúcháng,NON-HSK,形,1,经常变化，前后不一致，难以预料（贬义）（形）,دمدمی‌مزاج؛ بی‌ثبات و پیش‌بینی‌ناپذیر (صفت),形,صفت,态度反复无常 (tàidu fǎnfù-wúcháng) | 性格反复无常 (xìnggé fǎnfù-wúcháng) | 变化反复无常 (biànhuà fǎnfù-wúcháng),他的态度反复无常，让人很难信任。,"Tā de tàidu fǎnfù-wúcháng, ràng rén hěn nán xìnrèn.",رفتارش خیلی دمدمی و غیرقابل‌پیش‌بینیه و سخت می‌شه بهش اعتماد کرد.,
132,番茄酱,fānqiéjiàng,NON-HSK,名,1,用番茄加工制成的酱，可用于烹饪或蘸食（名）,سس گوجه‌فرنگی؛ رب گوجه‌فرنگی (اسم),名,اسم,一瓶番茄酱 (yì píng fānqiéjiàng) | 蘸番茄酱 (zhàn fānqiéjiàng) | 加番茄酱 (jiā fānqiéjiàng) | 自制番茄酱 (zìzhì fānqiéjiàng),孩子们喜欢用薯条蘸番茄酱。,Háizimen xǐhuan yòng shǔtiáo zhàn fānqiéjiàng.,بچه‌ها دوست دارن سیب‌زمینی سرخ‌کرده رو توی سس گوجه بزنن.,
133,访问学者,fǎngwèn xuézhě,NON-HSK,名,1,暂时到其他大学或研究机构进行研究和学术交流的学者（名）,پژوهشگر مهمان (اسم),名,اسم,担任访问学者 (dānrèn fǎngwèn xuézhě) | 访问学者项目 (fǎngwèn xuézhě xiàngmù) | 国外访问学者 (guówài fǎngwèn xuézhě),他在北京的一所大学担任访问学者。,Tā zài Běijīng de yì suǒ dàxué dānrèn fǎngwèn xuézhě.,او در یکی از دانشگاه‌های پکن پژوهشگر مهمانه.,
134,搀扶,chānfú,NON-HSK,动,1,扶着人的手臂或身体，帮助其站立或行走（动）,زیر بازوی کسی را گرفتن و به راه‌رفتنش کمک‌کردن (فعل),动,فعل,搀扶老人 (chānfú lǎorén) | 相互搀扶 (xiānghù chānfú) | 搀扶着走 (chānfú zhe zǒu) | 在家人搀扶下 (zài jiārén chānfú xià),护士搀扶着老人慢慢往前走。,Hùshi chānfú zhe lǎorén mànmàn wǎng qián zǒu.,پرستار زیر بازوی سالمند رو گرفته بود و کمکش می‌کرد آروم راه بره.,
135,享福,xiǎngfú,NON-HSK,动,1,过舒适、幸福的生活（口语）（动）,زندگی راحت و خوشی داشتن؛ در رفاه بودن (محاوره‌ای) (فعل),动,فعل,晚年享福 (wǎnnián xiǎngfú) | 跟着子女享福 (gēn zhe zǐnǚ xiǎngfú) | 该享福了 (gāi xiǎngfú le),她辛苦了很多年，晚年终于可以享福了。,"Tā xīnkǔ le hěn duō nián, wǎnnián zhōngyú kěyǐ xiǎngfú le.",اون سال‌های زیادی سختی کشید و بالاخره در دوران سالمندی می‌تونه راحت زندگی کنه.,
136,服装店,fúzhuāngdiàn,NON-HSK,名,1,销售衣服等服装的商店（名）,فروشگاه لباس؛ فروشگاه پوشاک (اسم),名,اسم,一家服装店 (yì jiā fúzhuāngdiàn) | 开服装店 (kāi fúzhuāngdiàn) | 逛服装店 (guàng fúzhuāngdiàn) | 附近的服装店 (fùjìn de fúzhuāngdiàn),她在商场里开了一家服装店。,Tā zài shāngchǎng lǐ kāi le yì jiā fúzhuāngdiàn.,او در مرکز خرید یک فروشگاه لباس باز کرده.,
137,盖印,gài yìn,NON-HSK,动,1,把印章盖在文件等物品上（较正式）（动）,مهرزدن (رسمی) (فعل),动,فعل,签字盖印 (qiānzì gài yìn) | 盖印确认 (gài yìn quèrèn) | 文件盖印 (wénjiàn gài yìn),请在文件最后一页签字盖印。,Qǐng zài wénjiàn zuìhòu yí yè qiānzì gài yìn.,لطفاً در صفحهٔ آخر سند امضا و مهر بزنید.,
138,改革开放,gǎigé-kāifàng,NON-HSK,名,1,改革国内体制并扩大对外开放的中国政策和发展进程（名）,سیاست اصلاحات و گشایش چین (اسم),名,اسم,实行改革开放 (shíxíng gǎigé-kāifàng) | 改革开放政策 (gǎigé-kāifàng zhèngcè) | 改革开放以来 (gǎigé-kāifàng yǐlái) | 深化改革开放 (shēnhuà gǎigé-kāifàng),改革开放给中国带来了巨大变化。,Gǎigé-kāifàng gěi Zhōngguó dàilái le jùdà biànhuà.,سیاست اصلاحات و گشایش تغییرات بزرگی در چین به وجود آورد.,
139,搞定,gǎodìng,NON-HSK,动,1,把事情顺利完成或把问题解决好（口语）（动）,حل‌وفصل یا ردیف‌کردن؛ به انجام رساندن (محاوره‌ای) (فعل),动,فعل,搞定问题 (gǎodìng wèntí) | 终于搞定 (zhōngyú gǎodìng) | 很快搞定 (hěn kuài gǎodìng) | 把工作搞定 (bǎ gōngzuò gǎodìng),这个问题我已经搞定了。,Zhège wèntí wǒ yǐjīng gǎodìng le.,این مشکل رو دیگه حل‌وفصل کردم.,
139,搞定,gǎodìng,NON-HSK,动,2,使某人同意、合作或被说服（口语）（动）,کسی را راضی یا متقاعدکردن (محاوره‌ای) (فعل),动,فعل,搞定客户 (gǎodìng kèhù) | 搞定老板 (gǎodìng lǎobǎn) | 很难搞定他 (hěn nán gǎodìng tā),他很快就搞定了那个客户。,Tā hěn kuài jiù gǎodìng le nàge kèhù.,اون خیلی زود مشتری رو راضی کرد.,
140,隔音,géyīn,NON-HSK,动/形/名,1,阻止或减弱声音向外传播（动/形/名）,عایق‌کردن صدا؛ عایق صوتی (فعل/صفت/اسم),动/形/名,فعل/صفت/اسم,隔音效果 (géyīn xiàoguǒ) | 隔音材料 (géyīn cáiliào) | 房间隔音很好 (fángjiān géyīn hěn hǎo) | 做好隔音 (zuòhǎo géyīn),这个房间的隔音效果很好。,Zhège fángjiān de géyīn xiàoguǒ hěn hǎo.,این اتاق عایق‌بندی صوتی خیلی خوبی داره.,
141,相隔,xiānggé,NON-HSK,动,1,彼此之间有一定的时间或空间距离（动）,از نظر زمان یا مکان از هم فاصله‌داشتن (فعل),动,فعل,相隔很远 (xiānggé hěn yuǎn) | 相隔多年 (xiānggé duōnián) | 相隔十公里 (xiānggé shí gōnglǐ) | 两地相隔 (liǎng dì xiānggé),这两个城市相隔一百多公里。,Zhè liǎng ge chéngshì xiānggé yìbǎi duō gōnglǐ.,این دو شهر بیش از صد کیلومتر از هم فاصله دارن.,
142,树根,shùgēn,NON-HSK,名,1,树生长在土中、吸收水分和养分的部分（名）,ریشهٔ درخت (اسم),名,اسم,树根很深 (shùgēn hěn shēn) | 挖出树根 (wāchū shùgēn) | 保护树根 (bǎohù shùgēn) | 粗大的树根 (cūdà de shùgēn),这棵树的树根已经露出来了。,Zhè kē shù de shùgēn yǐjīng lù chūlái le.,ریشه‌های این درخت از خاک بیرون زده.,
143,草根,cǎogēn,NON-HSK,名/形,1,草生长在土中的根（名）,ریشهٔ علف (اسم),名,اسم,挖草根 (wā cǎogēn) | 草根很深 (cǎogēn hěn shēn) | 晒干草根 (shàigān cǎogēn),这种草的草根很难清除。,Zhè zhǒng cǎo de cǎogēn hěn nán qīngchú.,ریشهٔ این نوع علف به‌سختی از بین می‌ره.,
143,草根,cǎogēn,NON-HSK,名/形,2,社会中的普通民众或来自普通阶层的（比喻）（名/形）,مردم عادی؛ مردمی و برخاسته از طبقات عادی (استعاری) (اسم/صفت),名/形,اسم/صفت,草根阶层 (cǎogēn jiēcéng) | 草根创业者 (cǎogēn chuàngyèzhě) | 草根文化 (cǎogēn wénhuà) | 来自草根 (láizì cǎogēn),他是一位从普通家庭走出来的草根创业者。,Tā shì yí wèi cóng pǔtōng jiātíng zǒu chūlái de cǎogēn chuàngyèzhě.,او کارآفرینیه که از یک خانوادهٔ معمولی وارد این مسیر شده.,
144,根部,gēnbù,NON-HSK,名,1,植物的根或物体靠近根、底端的部分（名）,قسمت ریشه؛ بخش پایینی یا قاعده (اسم),名,اسم,植物根部 (zhíwù gēnbù) | 牙齿根部 (yáchǐ gēnbù) | 根部腐烂 (gēnbù fǔlàn) | 从根部剪断 (cóng gēnbù jiǎnduàn),这棵植物的根部已经腐烂了。,Zhè kē zhíwù de gēnbù yǐjīng fǔlàn le.,قسمت ریشهٔ این گیاه پوسیده.,
145,工具箱,gōngjùxiāng,NON-HSK,名,1,存放和携带工具的箱子（名）,جعبه‌ابزار (اسم),名,اسم,一个工具箱 (yí ge gōngjùxiāng) | 打开工具箱 (dǎkāi gōngjùxiāng) | 放进工具箱 (fàng jìn gōngjùxiāng) | 随身带着工具箱 (suíshēn dài zhe gōngjùxiāng),他从工具箱里拿出了一把扳手。,Tā cóng gōngjùxiāng lǐ ná chūlái le yì bǎ bānshǒu.,او یک آچار از جعبه‌ابزار بیرون آورد.,
145,工具箱,gōngjùxiāng,NON-HSK,名,2,软件中集中提供多种工具或功能的区域或工具集合（计算机）（名）,مجموعه یا منوی ابزارهای نرم‌افزاری (رایانه) (اسم),名,اسم,软件工具箱 (ruǎnjiàn gōngjùxiāng) | 打开工具箱 (dǎkāi gōngjùxiāng) | 工具箱功能 (gōngjùxiāng gōngnéng),你可以从左侧的工具箱中选择需要的工具。,Nǐ kěyǐ cóng zuǒcè de gōngjùxiāng zhōng xuǎnzé xūyào de gōngjù.,می‌تونی ابزار موردنیازت رو از جعبه‌ابزار سمت چپ انتخاب کنی.,
146,共享单车,gòngxiǎng dānchē,NON-HSK,名,1,通过手机应用等按次租用、供公众共同使用的自行车（名）,دوچرخهٔ اشتراکی (اسم),名,اسم,骑共享单车 (qí gòngxiǎng dānchē) | 使用共享单车 (shǐyòng gòngxiǎng dānchē) | 停放共享单车 (tíngfàng gòngxiǎng dānchē) | 扫码使用共享单车 (sǎomǎ shǐyòng gòngxiǎng dānchē),我每天骑共享单车去上班。,Wǒ měitiān qí gòngxiǎng dānchē qù shàngbān.,من هر روز با دوچرخهٔ اشتراکی می‌رم سر کار.,
147,重工业,zhònggōngyè,NON-HSK,名,1,主要生产原材料、大型设备和生产资料的工业（名）,صنعت سنگین (اسم),名,اسم,发展重工业 (fāzhǎn zhònggōngyè) | 重工业基地 (zhònggōngyè jīdì) | 传统重工业 (chuántǒng zhònggōngyè) | 重工业城市 (zhònggōngyè chéngshì),这个地区过去以重工业为主。,Zhège dìqū guòqù yǐ zhònggōngyè wéi zhǔ.,اقتصاد این منطقه در گذشته بیشتر بر صنعت سنگین متکی بود.,
148,鼓声,gǔshēng,NON-HSK,名,1,敲鼓时发出的声音（名）,صدای طبل (اسم),名,اسم,听到鼓声 (tīngdào gǔshēng) | 阵阵鼓声 (zhènzhèn gǔshēng) | 鼓声响起 (gǔshēng xiǎngqǐ) | 远处的鼓声 (yuǎnchù de gǔshēng),远处传来了一阵鼓声。,Yuǎnchù chuánlái le yí zhèn gǔshēng.,صدای طبل از دور به گوش رسید.,
149,挂号处,guàhàochù,NON-HSK,名,1,医院中办理挂号、领取就诊号码的窗口或部门（名）,باجه یا بخش نوبت‌دهی بیمارستان (اسم),名,اسم,医院挂号处 (yīyuàn guàhàochù) | 去挂号处 (qù guàhàochù) | 在挂号处排队 (zài guàhàochù páiduì),请先去挂号处取号。,Qǐng xiān qù guàhàochù qǔ hào.,لطفاً اول برای گرفتن نوبت به باجهٔ نوبت‌دهی برید.,
150,挂号信,guàhàoxìn,NON-HSK,名,1,办理登记、可查询投递情况的信件（邮政）（名）,نامهٔ سفارشی و قابل‌پیگیری (اسم),名,اسم,寄挂号信 (jì guàhàoxìn) | 一封挂号信 (yì fēng guàhàoxìn) | 收到挂号信 (shōudào guàhàoxìn) | 国际挂号信 (guójì guàhàoxìn),这份重要文件最好用挂号信寄。,Zhè fèn zhòngyào wénjiàn zuìhǎo yòng guàhàoxìn jì.,بهتره این سند مهم رو با نامهٔ سفارشی بفرستید.,
151,广场舞,guǎngchǎngwǔ,NON-HSK,名,1,多在广场、公园等公共场所集体跳的健身舞（名）,رقص گروهیِ همگانی؛ نوعی رقص ورزشی در میدان‌ها و پارک‌ها (اسم),名,اسم,跳广场舞 (tiào guǎngchǎngwǔ) | 学广场舞 (xué guǎngchǎngwǔ) | 广场舞表演 (guǎngchǎngwǔ biǎoyǎn),很多人晚上在公园里跳广场舞。,Hěn duō rén wǎnshang zài gōngyuán lǐ tiào guǎngchǎngwǔ.,افراد زیادی شب‌ها در پارک رقص گروهی انجام می‌دهند.,
152,滚开,gǔnkāi,NON-HSK,动,1,粗鲁地叫人马上离开（动，粗鲁）,گم شدن؛ از اینجا رفتن، با لحنی توهین‌آمیز (فعل),动，粗鲁,فعل,叫他滚开 (jiào tā gǔnkāi) | 马上滚开 (mǎshàng gǔnkāi) | 从这里滚开 (cóng zhèlǐ gǔnkāi),别碰我，滚开！,"Bié pèng wǒ, gǔnkāi!",به من دست نزن، گم شو!,
153,好奇心,hàoqíxīn,NON-HSK,名,1,对不了解的事物想进一步知道或探索的心理（名）,حس کنجکاوی؛ میل به دانستن و کشف کردن (اسم),名,اسم,充满好奇心 (chōngmǎn hàoqíxīn) | 保持好奇心 (bǎochí hàoqíxīn) | 激发好奇心 (jīfā hàoqíxīn),孩子们对世界充满好奇心。,Háizimen duì shìjiè chōngmǎn hàoqíxīn.,بچه‌ها نسبت به جهان سرشار از حس کنجکاوی‌اند.,
154,合作伙伴,hézuò huǒbàn,NON-HSK,名,1,在工作、经营或项目中共同合作的个人或组织（名）,شریک کاری؛ فرد یا سازمان همکار (اسم),名,اسم,寻找合作伙伴 (xúnzhǎo hézuò huǒbàn) | 长期合作伙伴 (chángqī hézuò huǒbàn) | 可靠的合作伙伴 (kěkào de hézuò huǒbàn),这家公司是我们长期的合作伙伴。,Zhè jiā gōngsī shì wǒmen chángqī de hézuò huǒbàn.,این شرکت شریک کاری بلندمدت ماست.,
155,烟灰,yānhuī,NON-HSK,名,1,香烟等燃烧后留下的灰（名）,خاکستر سیگار یا تنباکو (اسم),名,اسم,弹掉烟灰 (tándiào yānhuī) | 地上的烟灰 (dìshang de yānhuī) | 清理烟灰 (qīnglǐ yānhuī),桌上落了一些烟灰。,Zhuō shàng luò le yìxiē yānhuī.,مقداری خاکستر سیگار روی میز ریخته است.,
156,挥手,huīshǒu,NON-HSK,动,1,摆动手表示招呼、告别或示意（动）,دست تکان دادن برای سلام، خداحافظی یا اشاره (فعل),动,فعل,挥手告别 (huīshǒu gàobié) | 向大家挥手 (xiàng dàjiā huīshǒu) | 笑着挥手 (xiàozhe huīshǒu),她笑着向我们挥手告别。,Tā xiàozhe xiàng wǒmen huīshǒu gàobié.,او با لبخند برایمان دست تکان داد و خداحافظی کرد.,
157,挥动,huīdòng,NON-HSK,动,1,来回摆动手臂或手中拿着的东西（动）,تکان دادن یا به حرکت درآوردن مکرر دست، بازو یا چیزی در دست (فعل),动,فعل,挥动手臂 (huīdòng shǒubì) | 挥动旗帜 (huīdòng qízhì) | 用力挥动 (yònglì huīdòng),他站在人群中不停地挥动旗帜。,Tā zhàn zài rénqún zhōng bù tíng de huīdòng qízhì.,او در میان جمعیت ایستاده بود و پیوسته پرچم را تکان می‌داد.,
158,剪纸,jiǎnzhǐ,NON-HSK,名,1,用纸剪出图案的中国传统民间艺术，也指这种艺术作品（名）,هنر سنتی کاغذبُری چینی؛ اثر ساخته‌شده با این هنر (اسم),名,اسم,中国剪纸 (Zhōngguó jiǎnzhǐ) | 学习剪纸 (xuéxí jiǎnzhǐ) | 剪纸艺术 (jiǎnzhǐ yìshù),她正在学习中国剪纸。,Tā zhèngzài xuéxí Zhōngguó jiǎnzhǐ.,او در حال یادگیری هنر سنتی کاغذبُری چینی است.,
159,按键,ànjiàn,NON-HSK,名/动,1,键盘或设备上用手按动的键；按下某个键（名/动）,دکمه یا کلید دستگاه؛ فشار دادن یک دکمه یا کلید (اسم/فعل),名/动,اسم/فعل,功能按键 (gōngnéng ànjiàn) | 轻触按键 (qīngchù ànjiàn) | 按键操作 (ànjiàn cāozuò),请按照提示按键。,Qǐng ànzhào tíshì ànjiàn.,لطفاً طبق راهنما کلید را فشار دهید.,
160,降水量,jiàngshuǐliàng,NON-HSK,名,1,一定时间和地区内降水的总量（名，气象）,میزان بارش در یک منطقه و بازهٔ زمانی مشخص (اسم، هواشناسی),名，气象,اسم، هواشناسی,年降水量 (nián jiàngshuǐliàng) | 平均降水量 (píngjūn jiàngshuǐliàng) | 降水量增加 (jiàngshuǐliàng zēngjiā),这个地区的年降水量很少。,Zhège dìqū de nián jiàngshuǐliàng hěn shǎo.,میزان بارش سالانه در این منطقه بسیار کم است.,
161,脚步声,jiǎobùshēng,NON-HSK,名,1,走路时脚接触地面发出的声音（名）,صدای قدم‌ها (اسم),名,اسم,听见脚步声 (tīngjiàn jiǎobùshēng) | 急促的脚步声 (jícù de jiǎobùshēng) | 脚步声越来越近 (jiǎobùshēng yuèláiyuè jìn),我听见门外传来一阵脚步声。,Wǒ tīngjiàn ménwài chuánlái yí zhèn jiǎobùshēng.,صدای چند قدم را شنیدم که از پشت در نزدیک می‌شد.,
162,进口额,jìnkǒu'é,NON-HSK,名,1,一定时期内进口商品或服务的总金额（名，经济）,ارزش کل واردات در یک بازهٔ زمانی مشخص (اسم، اقتصادی),名，经济,اسم، اقتصادی,年进口额 (nián jìnkǒu'é) | 进口额增长 (jìnkǒu'é zēngzhǎng) | 进口额下降 (jìnkǒu'é xiàjiàng),今年的进口额有所增长。,Jīnnián de jìnkǒu'é yǒusuǒ zēngzhǎng.,ارزش واردات امسال افزایش یافته است.,
163,急诊室,jízhěnshì,NON-HSK,名,1,医院中接收并紧急诊治病人的房间或区域（名，医疗）,اتاق اورژانس؛ محل معاینه و درمان فوری بیماران (اسم، پزشکی),名，医疗,اسم، پزشکی,送进急诊室 (sòngjìn jízhěnshì) | 急诊室门口 (jízhěnshì ménkǒu) | 在急诊室抢救 (zài jízhěnshì qiǎngjiù),伤员被立即送进了急诊室。,Shāngyuán bèi lìjí sòngjìn le jízhěnshì.,مجروح بلافاصله به اتاق اورژانس منتقل شد.,
164,急诊科,jízhěnkē,NON-HSK,名,1,医院中负责紧急诊治病人的科室（名，医疗）,بخش اورژانس بیمارستان (اسم، پزشکی),名，医疗,اسم، پزشکی,急诊科医生 (jízhěnkē yīshēng) | 前往急诊科 (qiánwǎng jízhěnkē) | 急诊科值班 (jízhěnkē zhíbān),他是医院急诊科的医生。,Tā shì yīyuàn jízhěnkē de yīshēng.,او پزشک بخش اورژانس بیمارستان است.,
165,居民区,jūmínqū,NON-HSK,名,1,以居民住宅为主的城市区域（名）,منطقهٔ مسکونی؛ محله‌ای که بیشتر شامل خانه‌های مسکونی است (اسم),名,اسم,安静的居民区 (ānjìng de jūmínqū) | 居民区附近 (jūmínqū fùjìn) | 建设居民区 (jiànshè jūmínqū),这里是居民区，请保持安静。,"Zhèlǐ shì jūmínqū, qǐng bǎochí ānjìng.",اینجا منطقهٔ مسکونی است؛ لطفاً سکوت را رعایت کنید.,
166,可见一斑,kějiàn-yìbān,NON-HSK,动,1,从事物的一小部分可以推知整体情况（动，成语，书面）,از یک نشانه یا بخش کوچک، کل وضعیت را می‌توان فهمید (فعل، اصطلاح نوشتاری),动，成语，书面,فعل، اصطلاح نوشتاری,实力可见一斑 (shílì kějiàn-yìbān) | 能力可见一斑 (nénglì kějiàn-yìbān) | 重要性可见一斑 (zhòngyàoxìng kějiàn-yìbān),从这件小事中，他的责任心可见一斑。,"Cóng zhè jiàn xiǎoshì zhōng, tā de zérènxīn kějiàn-yìbān.",از همین اتفاق کوچک می‌توان به مسئولیت‌پذیری او پی برد.,
167,老板娘,lǎobǎnniáng,NON-HSK,名,1,商店、饭店等的女主人，也可指老板的妻子（名，口语）,زن صاحب کسب‌وکار؛ همچنین همسر صاحب یا رئیس، در زبان محاوره (اسم),名，口语,اسم,饭店老板娘 (fàndiàn lǎobǎnniáng) | 一位老板娘 (yí wèi lǎobǎnniáng) | 当老板娘 (dāng lǎobǎnniáng),这家饭店的老板娘非常热情。,Zhè jiā fàndiàn de lǎobǎnniáng fēicháng rèqíng.,زن صاحب این رستوران بسیار خوش‌برخورد است.,
168,亏欠,kuīqiàn,NON-HSK,动,1,没有尽到应尽的责任或没有给予对方应有的关心，因而觉得对不起对方（动）,مدیون بودن؛ احساس کردن که در حق کسی کوتاهی شده است (فعل),动,فعل,亏欠父母 (kuīqiàn fùmǔ) | 觉得亏欠 (juéde kuīqiàn) | 对孩子有所亏欠 (duì háizi yǒusuǒ kuīqiàn),这些年我一直觉得很亏欠父母。,Zhèxiē nián wǒ yìzhí juéde hěn kuīqiàn fùmǔ.,در تمام این سال‌ها احساس کرده‌ام که در حق پدر و مادرم کوتاهی کرده‌ام.,
169,梨树,líshù,NON-HSK,名,1,生长梨的果树（名）,درخت گلابی (اسم),名,اسم,一棵梨树 (yì kē líshù) | 种梨树 (zhòng líshù) | 梨树开花 (líshù kāihuā),院子里有一棵梨树。,Yuànzi lǐ yǒu yì kē líshù.,در حیاط یک درخت گلابی وجود دارد.,
170,门铃,ménlíng,NON-HSK,名,1,安装在门口、用来通知屋内有人来访的铃（名）,زنگ در (اسم),名,اسم,按门铃 (àn ménlíng) | 门铃响了 (ménlíng xiǎng le) | 安装门铃 (ānzhuāng ménlíng),有人在外面按门铃。,Yǒu rén zài wàimiàn àn ménlíng.,کسی بیرون دارد زنگ در را می‌زند.,
171,领奖,lǐngjiǎng,NON-HSK,动,1,领取奖品、奖金或荣誉（动）,جایزه گرفتن؛ جایزه یا نشان خود را دریافت کردن (فعل),动,فعل,上台领奖 (shàngtái lǐngjiǎng) | 代表团队领奖 (dàibiǎo tuánduì lǐngjiǎng) | 亲自领奖 (qīnzì lǐngjiǎng),她高兴地走上台领奖。,Tā gāoxìng de zǒu shàng tái lǐngjiǎng.,او با خوشحالی برای گرفتن جایزه روی صحنه رفت.,
172,领路,lǐnglù,NON-HSK,动,1,走在前面带领别人前往某处；也比喻引导方向（动）,راه نشان دادن؛ راهنمایی و هدایت کردن (فعل),动,فعل,在前面领路 (zài qiánmiàn lǐnglù) | 给客人领路 (gěi kèrén lǐnglù) | 为发展领路 (wèi fāzhǎn lǐnglù),他在前面领路，我们跟在后面。,"Tā zài qiánmiàn lǐnglù, wǒmen gēn zài hòumiàn.",او جلو راه را نشان می‌داد و ما پشت سرش حرکت می‌کردیم.,
173,水盆,shuǐpén,NON-HSK,名,1,用来盛水、洗东西的盆（名）,تشت یا لگن آب؛ ظرفی برای نگهداری آب یا شست‌وشو (اسم),名,اسم,一个水盆 (yí ge shuǐpén) | 水盆里装满水 (shuǐpén lǐ zhuāngmǎn shuǐ) | 把衣服放进水盆 (bǎ yīfu fàng jìn shuǐpén),请把水倒进水盆里。,Qǐng bǎ shuǐ dào jìn shuǐpén lǐ.,لطفاً آب را داخل تشت بریزید.,
174,花盆,huāpén,NON-HSK,名,1,用来种花草的盆状容器（名）,گلدان؛ ظرفی برای کاشت گل و گیاه (اسم),名,اسم,一个花盆 (yí ge huāpén) | 把花种进花盆 (bǎ huā zhòng jìn huāpén) | 阳台上的花盆 (yángtái shàng de huāpén),她把新买的花种进了花盆里。,Tā bǎ xīn mǎi de huā zhòng jìn le huāpén lǐ.,او گل تازه‌خریده‌شده را در گلدان کاشت.,
175,书签,shūqiān,NON-HSK,名,1,夹在书中用来标记阅读位置的纸片、卡片或细带（名）,نشانک کتاب؛ برگه یا نواری برای مشخص کردن صفحهٔ مطالعه (اسم),名,اسم,一张书签 (yì zhāng shūqiān) | 把书签夹在书里 (bǎ shūqiān jiā zài shū lǐ) | 使用书签 (shǐyòng shūqiān),我把书签夹在了刚读完的那一页。,Wǒ bǎ shūqiān jiā zài le gāng dúwán de nà yí yè.,نشانک را لای همان صفحه‌ای گذاشتم که تازه خوانده بودم.,
176,竹签,zhúqiān,NON-HSK,名,1,用竹子制成的细长尖签，常用来串食物或固定物品（名）,سیخ بامبو؛ چوب باریک و نوک‌تیز برای به سیخ کشیدن خوراکی یا ثابت نگه داشتن چیزی (اسم),名,اسم,一根竹签 (yì gēn zhúqiān) | 用竹签串肉 (yòng zhúqiān chuàn ròu) | 拔出竹签 (báchū zhúqiān),他用竹签把水果串了起来。,Tā yòng zhúqiān bǎ shuǐguǒ chuàn le qǐlai.,او میوه‌ها را با سیخ بامبو به هم کشید.,
177,缓急,huǎnjí,NON-HSK,名,1,事情紧急或不紧急的程度，多用于书面语（名）,میزان فوریت؛ فوری یا غیرفوری بودن کار (اسم، نوشتاری),名,اسم، نوشتاری,分清缓急 (fēnqīng huǎnjí) | 不分缓急 (bù fēn huǎnjí) | 根据事情的缓急处理 (gēnjù shìqing de huǎnjí chǔlǐ),处理问题时要先分清缓急。,Chǔlǐ wèntí shí yào xiān fēnqīng huǎnjí.,هنگام رسیدگی به مسائل باید ابتدا میزان فوریت آن‌ها را مشخص کرد.,
178,穷尽,qióngjìn,NON-HSK,动,1,用尽；把所有可能、方法或内容全部探索、列举完（书面，动）,به‌طور کامل به کار گرفتن؛ همهٔ راه‌ها یا امکانات را تا آخر بررسی کردن (فعل، نوشتاری),书面，动,فعل، نوشتاری,穷尽所有办法 (qióngjìn suǒyǒu bànfǎ) | 穷尽一生的精力 (qióngjìn yìshēng de jīnglì) | 难以穷尽 (nányǐ qióngjìn),我们已经穷尽了所有可能的办法。,Wǒmen yǐjīng qióngjìn le suǒyǒu kěnéng de bànfǎ.,ما همهٔ راه‌های ممکن را امتحان کرده‌ایم.,
179,山穷水尽,shānqióng-shuǐjìn,NON-HSK,成语,1,山和水都到了尽头；比喻陷入绝境、无路可走（成语）,به بن‌بست کامل رسیدن؛ در وضعیتی بی‌راه‌حل گرفتار شدن (اصطلاح),成语,اصطلاح,到了山穷水尽的地步 (dào le shānqióng-shuǐjìn de dìbù) | 陷入山穷水尽的境地 (xiànrù shānqióng-shuǐjìn de jìngdì) | 山穷水尽之时 (shānqióng-shuǐjìn zhī shí),即使到了山穷水尽的地步，也不要轻易放弃。,"Jíshǐ dào le shānqióng-shuǐjìn de dìbù, yě bú yào qīngyì fàngqì.",حتی اگر به بن‌بست کامل رسیدی، به‌راحتی تسلیم نشو.,
180,如数,rúshù,NON-HSK,副,1,按照原来的数目；全部（书面，副）,به‌طور کامل؛ تمام‌وکمال، مطابق مقدار تعیین‌شده (قید، نوشتاری),书面，副,قید، نوشتاری,如数归还 (rúshù guīhuán) | 如数交付 (rúshù jiāofù) | 如数退还 (rúshù tuìhuán),借的钱我会如数归还。,Jiè de qián wǒ huì rúshù guīhuán.,پولی را که قرض گرفته‌ام، تمام‌وکمال پس خواهم داد.,
181,如约,rúyuē,NON-HSK,副,1,按照事先的约定（书面，副）,طبق قرار؛ همان‌طور که از پیش توافق شده بود (قید، نوشتاری),书面，副,قید، نوشتاری,如约到达 (rúyuē dàodá) | 如约前来 (rúyuē qiánlái) | 如约见面 (rúyuē jiànmiàn),他第二天如约来到咖啡馆。,Tā dì-èr tiān rúyuē láidào kāfēiguǎn.,او روز بعد طبق قرار به کافه آمد.,
182,退烧,tuìshāo,NON-HSK,动,1,体温恢复正常；使发烧症状减轻或消失（动）,تب پایین آمدن؛ تب را پایین آوردن (فعل),动,فعل,已经退烧 (yǐjīng tuìshāo) | 吃药退烧 (chī yào tuìshāo) | 逐渐退烧 (zhújiàn tuìshāo),孩子吃药以后已经退烧了。,Háizi chī yào yǐhòu yǐjīng tuìshāo le.,تب کودک پس از مصرف دارو پایین آمده است.,
183,高烧,gāoshāo,NON-HSK,名,1,体温明显高于正常水平的严重发烧（名）,تب شدید؛ تب بالا (اسم),名,اسم,发高烧 (fā gāoshāo) | 持续高烧 (chíxù gāoshāo) | 高烧不退 (gāoshāo bú tuì),他昨晚突然发起了高烧。,Tā zuówǎn tūrán fāqǐ le gāoshāo.,او دیشب ناگهان تب شدیدی کرد.,
184,毒蛇,dúshé,NON-HSK,名,1,能分泌毒液并通过咬伤使人或动物中毒的蛇（名）,مار سمی (اسم),名,اسم,一条毒蛇 (yì tiáo dúshé) | 被毒蛇咬伤 (bèi dúshé yǎoshāng) | 发现毒蛇 (fāxiàn dúshé),他在草丛里发现了一条毒蛇。,Tā zài cǎocóng lǐ fāxiàn le yì tiáo dúshé.,او یک مار سمی در میان علف‌ها پیدا کرد.,
185,中式,zhōngshì,NON-HSK,形,1,具有中国传统样式或特点的（形）,به سبک چینی؛ دارای شکل یا ویژگی‌های سنتی چینی (صفت),形,صفت,中式早餐 (zhōngshì zǎocān) | 中式装修 (zhōngshì zhuāngxiū) | 中式婚礼 (zhōngshì hūnlǐ),这家酒店提供中式早餐。,Zhè jiā jiǔdiàn tígōng zhōngshì zǎocān.,این هتل صبحانهٔ چینی ارائه می‌دهد.,
186,西式,xīshì,NON-HSK,形,1,具有西方国家样式或特点的（形）,به سبک غربی؛ دارای شکل یا ویژگی‌های رایج در کشورهای غربی (صفت),形,صفت,西式早餐 (xīshì zǎocān) | 西式婚礼 (xīshì hūnlǐ) | 西式建筑 (xīshì jiànzhù),他们举行了一场西式婚礼。,Tāmen jǔxíng le yì chǎng xīshì hūnlǐ.,آن‌ها مراسم عروسی به سبک غربی برگزار کردند.,
187,倒时差,dǎo shíchā,NON-HSK,动,1,跨时区旅行后调整生物钟，使身体适应当地时间（口语，动）,تنظیم ساعت زیستی بدن پس از سفر میان مناطق زمانی مختلف؛ رفع جت‌لگ (فعل، محاوره‌ای),口语，动,فعل، محاوره‌ای,需要倒时差 (xūyào dǎo shíchā) | 还在倒时差 (hái zài dǎo shíchā) | 花几天倒时差 (huā jǐ tiān dǎo shíchā),我刚到北京，还需要几天倒时差。,"Wǒ gāng dào Běijīng, hái xūyào jǐ tiān dǎo shíchā.",تازه به پکن رسیده‌ام و هنوز چند روز برای تنظیم ساعت بدنم زمان لازم دارم.,
189,随行,suíxíng,NON-HSK,动,1,跟随别人一起出行（动）,همراه کسی رفتن؛ کسی را در سفر همراهی کردن (فعل),动,فعل,全程随行（quánchéng suíxíng）|随行人员（suíxíng rényuán）|随行记者（suíxíng jìzhě）,访问期间，一名翻译将全程随行。,"Fǎngwèn qījiān, yì míng fānyì jiāng quánchéng suíxíng.",در طول این سفر، یک مترجم تمام مدت همراهشان خواهد بود.,
190,碎片,suìpiàn,NON-HSK,名,1,物体破碎后形成的小片（名）,تکه؛ خرده؛ قطعهٔ شکسته (اسم),名,اسم,玻璃碎片（bōli suìpiàn）|金属碎片（jīnshǔ suìpiàn）|清理碎片（qīnglǐ suìpiàn）,地上全是玻璃碎片，小心别踩到。,"Dìshang quán shì bōli suìpiàn, xiǎoxīn bié cǎidào.",زمین پر از خرده‌شیشه است؛ مراقب باش روی آن‌ها پا نگذاری.,
191,水蜜桃,shuǐmìtáo,NON-HSK,名,1,果肉柔软、多汁而且味甜的一种桃（名）,نوعی هلوی نرم، شیرین و بسیار آبدار (اسم),名,اسم,新鲜水蜜桃（xīnxiān shuǐmìtáo）|一个水蜜桃（yí ge shuǐmìtáo）|水蜜桃成熟（shuǐmìtáo chéngshú）,这种水蜜桃又甜又多汁。,Zhè zhǒng shuǐmìtáo yòu tián yòu duōzhī.,این نوع هلو هم شیرین است و هم بسیار آبدار.,
192,公诉,gōngsù,NON-HSK,名、动,1,检察机关依法代表国家向法院提起刑事诉讼；这种诉讼（法律）（名、动）,تعقیب کیفری عمومی؛ از طرف دادستانی اقامهٔ دعوای کیفری کردن (حقوقی) (اسم، فعل),名、动,اسم، فعل,提起公诉（tíqǐ gōngsù）|依法公诉（yīfǎ gōngsù）|公诉案件（gōngsù ànjiàn）,检察机关决定对犯罪嫌疑人提起公诉。,Jiǎnchá jīguān juédìng duì fànzuì xiányírén tíqǐ gōngsù.,دادستانی تصمیم گرفت علیه متهم اقامهٔ دعوای کیفری کند.,
193,同龄,tónglíng,NON-HSK,形,1,年龄相同或相近（形）,هم‌سن؛ تقریباً هم‌سن (صفت),形,صفت,同龄朋友（tónglíng péngyou）|跟我同龄（gēn wǒ tónglíng）|同龄孩子（tónglíng háizi）,她跟我同龄，但比我早一年上大学。,"Tā gēn wǒ tónglíng, dàn bǐ wǒ zǎo yì nián shàng dàxué.",او هم‌سن من است، اما یک سال زودتر وارد دانشگاه شده است.,
194,旅游团,lǚxíngtuán,NON-HSK,名,1,由旅行社组织或一起旅游的团体（名）,گروه یا تور گردشگری (اسم),名,اسم,参加旅游团（cānjiā lǚxíngtuán）|跟旅游团出发（gēn lǚxíngtuán chūfā）|接待旅游团（jiēdài lǚxíngtuán）,我们参加了一个去云南的旅游团。,Wǒmen cānjiā le yí ge qù Yúnnán de lǚxíngtuán.,ما در یک تور گردشگری به مقصد یون‌نان شرکت کردیم.,
195,剧团,jùtuán,NON-HSK,名,1,从事戏剧、歌剧、舞剧等表演的团体（名）,گروه یا دستهٔ نمایشی (اسم),名,اسم,专业剧团（zhuānyè jùtuán）|加入剧团（jiārù jùtuán）|剧团演出（jùtuán yǎnchū）,这个剧团正在全国各地演出。,Zhège jùtuán zhèngzài quánguó gèdì yǎnchū.,این گروه نمایشی در نقاط مختلف کشور در حال اجراست.,
196,图画书,túhuàshū,NON-HSK,名,1,以图画为主并配有少量文字的书，多供儿童阅读（名）,کتاب تصویری، معمولاً مخصوص کودکان (اسم),名,اسم,儿童图画书（értóng túhuàshū）|一本图画书（yì běn túhuàshū）|阅读图画书（yuèdú túhuàshū）,妈妈给孩子买了一本图画书。,Māma gěi háizi mǎi le yì běn túhuàshū.,مادر برای بچه یک کتاب تصویری خرید.,
197,退货,tuìhuò,NON-HSK,动,1,把购买的商品退还给卖方（动）,کالای خریداری‌شده را پس‌دادن (فعل),动,فعل,申请退货（shēnqǐng tuìhuò）|无理由退货（wú lǐyóu tuìhuò）|退货退款（tuìhuò tuìkuǎn）,这件衣服不合适，我想申请退货。,"Zhè jiàn yīfu bù héshì, wǒ xiǎng shēnqǐng tuìhuò.",این لباس مناسب نیست؛ می‌خواهم آن را پس بدهم.,
198,退学,tuìxué,NON-HSK,动,1,没有完成学业就离开学校并终止学籍（动）,ترک تحصیل‌کردن؛ پیش از پایان تحصیل از مدرسه یا دانشگاه خارج‌شدن (فعل),动,فعل,申请退学（shēnqǐng tuìxué）|被迫退学（bèipò tuìxué）|办理退学手续（bànlǐ tuìxué shǒuxù）,他因为身体原因暂时退学了。,Tā yīnwèi shēntǐ yuányīn zànshí tuìxué le.,او به‌دلیل مشکلات جسمی موقتاً ترک تحصیل کرد.,
199,退款,tuìkuǎn,NON-HSK,名、动,1,把已经收取的钱退还给付款人（动）,پول دریافت‌شده را پس‌دادن (فعل),动,فعل,全额退款（quán’é tuìkuǎn）|申请退款（shēnqǐng tuìkuǎn）|同意退款（tóngyì tuìkuǎn）,商家同意给我全额退款。,Shāngjiā tóngyì gěi wǒ quán’é tuìkuǎn.,فروشنده موافقت کرد تمام پولم را پس بدهد.,
199,退款,tuìkuǎn,NON-HSK,名、动,2,退还给付款人的钱（名）,مبلغ بازپرداخت‌شده؛ وجه بازگشتی (اسم),名,اسم,收到退款（shōudào tuìkuǎn）|退款到账（tuìkuǎn dàozhàng）|等待退款（děngdài tuìkuǎn）,退款将在三个工作日内到账。,Tuìkuǎn jiāng zài sān ge gōngzuòrì nèi dàozhàng.,مبلغ بازپرداخت ظرف سه روز کاری به حساب واریز می‌شود.,
200,胃病,wèibìng,NON-HSK,名,1,胃部发生的各种疾病的统称（医疗）（名）,بیماری معده؛ عنوان کلی بیماری‌های معده (پزشکی) (اسم),名,اسم,患胃病（huàn wèibìng）|治疗胃病（zhìliáo wèibìng）|胃病复发（wèibìng fùfā）,他因为饮食不规律患上了胃病。,Tā yīnwèi yǐnshí bù guīlǜ huànshàng le wèibìng.,او به‌دلیل تغذیهٔ نامنظم دچار بیماری معده شد.,
201,文学家,wénxuéjiā,NON-HSK,名,1,从事文学创作或研究并取得较高成就的人（名）,ادیب؛ نویسنده یا پژوهشگر برجستهٔ ادبی (اسم),名,اسم,著名文学家（zhùmíng wénxuéjiā）|现代文学家（xiàndài wénxuéjiā）|伟大的文学家（wěidà de wénxuéjiā）,他是二十世纪著名的文学家。,Tā shì èrshí shìjì zhùmíng de wénxuéjiā.,او از ادیبان مشهور قرن بیستم است.,
202,握有,wòyǒu,NON-HSK,动,1,掌握、拥有权力、股份、证据等（较正式）（动）,قدرت، سهام یا مدرکی را در اختیار داشتن (رسمی‌تر) (فعل),动,فعل,握有权力（wòyǒu quánlì）|握有股份（wòyǒu gǔfèn）|握有证据（wòyǒu zhèngjù）,警方握有足够的证据。,Jǐngfāng wòyǒu zúgòu de zhèngjù.,پلیس مدارک کافی در اختیار دارد.,
203,物理学,wùlǐxué,NON-HSK,名,1,研究物质、能量及其运动规律的自然科学（名）,علم فیزیک (اسم),名,اسم,研究物理学（yánjiū wùlǐxué）|理论物理学（lǐlùn wùlǐxué）|物理学领域（wùlǐxué lǐngyù）,他在大学学习物理学。,Tā zài dàxué xuéxí wùlǐxué.,او در دانشگاه فیزیک می‌خواند.,
204,做戏,zuòxì,NON-HSK,动,1,故意做出某种样子给别人看，并非出于真实感情（口语）（动）,تظاهرکردن؛ نقش‌بازی‌کردن و وانمودکردن (محاوره‌ای) (فعل),动,فعل,只是在做戏（zhǐshì zài zuòxì）|做戏给别人看（zuòxì gěi biérén kàn）|别在我面前做戏（bié zài wǒ miànqián zuòxì）,别在我面前做戏，我知道你并不难过。,"Bié zài wǒ miànqián zuòxì, wǒ zhīdào nǐ bìng bù nánguò.",جلوی من نقش بازی نکن؛ می‌دانم واقعاً ناراحت نیستی.,
205,闲事,xiánshì,NON-HSK,名,1,与自己无关或不重要的事情（名）,کار نامربوط یا بی‌اهمیت؛ مسئله‌ای که به شخص مربوط نیست (اسم),名,اسم,多管闲事（duō guǎn xiánshì）|少管闲事（shǎo guǎn xiánshì）|别人的闲事（biérén de xiánshì）,这是他们自己的事，你别多管闲事。,"Zhè shì tāmen zìjǐ de shì, nǐ bié duō guǎn xiánshì.",این مسئلهٔ خودشان است؛ تو بی‌جهت دخالت نکن.,
206,县城,xiànchéng,NON-HSK,名,1,县政府所在地的城镇（名）,مرکز شهری یک شهرستان در چین (اسم),名,اسم,住在县城（zhù zài xiànchéng）|县城中心（xiànchéng zhōngxīn）|离开县城（líkāi xiànchéng）,他在县城里开了一家小饭馆。,Tā zài xiànchéng li kāi le yì jiā xiǎo fànguǎn.,او در مرکز شهرستان رستوران کوچکی باز کرده است.,
207,橡皮擦,xiàngpícā,NON-HSK,名,1,用来擦掉铅笔字迹的文具；中国大陆也常简称“橡皮”（名）,پاک‌کن؛ در چینِ سرزمین اصلی اغلب کوتاه‌شدهٔ آن نیز به کار می‌رود (اسم),名,اسم,一块橡皮擦（yí kuài xiàngpícā）|借橡皮擦（jiè xiàngpícā）|用橡皮擦掉（yòng xiàngpícā cādiào）,我忘了带橡皮擦，可以借你的吗？,"Wǒ wàng le dài xiàngpícā, kěyǐ jiè nǐ de ma?",یادم رفت پاک‌کن بیاورم؛ می‌توانم پاک‌کن تو را قرض بگیرم؟,
208,巨响,jùxiǎng,NON-HSK,名,1,巨大而突然的响声（名）,صدای بسیار بلند و ناگهانی؛ صدای مهیب (اسم),名,اسم,一声巨响（yì shēng jùxiǎng）|发出巨响（fāchū jùxiǎng）|传来巨响（chuánlái jùxiǎng）,外面突然传来一声巨响。,Wàimiàn tūrán chuánlái yì shēng jùxiǎng.,ناگهان صدای مهیبی از بیرون آمد.,
209,山腰,shānyāo,NON-HSK,名,1,山坡从山脚到山顶之间的中间部分（名）,بخش میانی دامنهٔ کوه (اسم),名,اسم,位于山腰（wèiyú shānyāo）|爬到山腰（pá dào shānyāo）|山腰上的村庄（shānyāo shàng de cūnzhuāng）,山腰上有一个安静的小村庄。,Shānyāo shàng yǒu yí ge ānjìng de xiǎo cūnzhuāng.,در بخش میانی دامنهٔ کوه روستای کوچک و آرامی قرار دارد.,
210,主席台,zhǔxítái,NON-HSK,名,1,会场上供主持人、负责人或重要来宾就座、发言的平台（名）,جایگاه هیئت‌رئیسه، سخنرانان یا مهمانان ویژه (اسم),名,اسم,走上主席台 (zǒushàng zhǔxítái) | 主席台就座 (zhǔxítái jiùzuò) | 主席台前 (zhǔxítái qián),几位嘉宾已经在主席台就座。,Jǐ wèi jiābīn yǐjīng zài zhǔxítái jiùzuò.,چند مهمان ویژه در جایگاه مستقر شده‌اند.,
211,坐姿,zuòzī,NON-HSK,名,1,坐着时身体各部分保持的姿势（名）,حالت نشستن؛ وضعیت بدن هنگام نشستن (اسم),名,اسم,保持坐姿 (bǎochí zuòzī) | 正确坐姿 (zhèngquè zuòzī) | 调整坐姿 (tiáozhěng zuòzī),长时间工作时要注意保持正确坐姿。,Cháng shíjiān gōngzuò shí yào zhùyì bǎochí zhèngquè zuòzī.,هنگام کار طولانی باید حالت صحیح نشستن را حفظ کرد.,
212,汉族,hànzú,NON-HSK,名,1,中国人口最多的民族（名）,قوم هان؛ بزرگ‌ترین گروه قومی چین (اسم),名,اسم,汉族人口 (hànzú rénkǒu) | 汉族文化 (hànzú wénhuà) | 汉族传统 (hànzú chuántǒng),汉族是中国人口最多的民族。,Hànzú shì Zhōngguó rénkǒu zuì duō de mínzú.,قوم هان پرجمعیت‌ترین گروه قومی چین است.,
213,倚靠,yǐkào,NON-HSK,动、名,1,身体靠在某人或某物上（动）,به کسی یا چیزی تکیه دادن (فعل),动,فعل,倚靠着墙 (yǐkàozhe qiáng) | 倚靠在椅背上 (yǐkào zài yǐbèi shàng) | 倚靠在树干上 (yǐkào zài shùgàn shàng),他静静地倚靠在窗边。,Tā jìngjìng de yǐkào zài chuāngbiān.,او بی‌حرکت کنار پنجره تکیه داده بود.,
213,倚靠,yǐkào,NON-HSK,动、名,2,依赖或凭借某人、某种力量或条件（动）,متکی بودن؛ وابسته بودن؛ اتکا کردن (فعل),动,فعل,倚靠父母 (yǐkào fùmǔ) | 倚靠他人 (yǐkào tārén) | 倚靠家族势力 (yǐkào jiāzú shìlì),他不愿一辈子倚靠父母生活。,Tā bú yuàn yíbèizi yǐkào fùmǔ shēnghuó.,او نمی‌خواهد تمام عمر برای زندگی به والدینش متکی باشد.,
213,倚靠,yǐkào,NON-HSK,动、名,3,可以依赖或获得支持的人或事物（名）,تکیه‌گاه؛ پشت‌وپناه (اسم),名,اسم,唯一的倚靠 (wéiyī de yǐkào) | 精神上的倚靠 (jīngshén shàng de yǐkào) | 失去倚靠 (shīqù yǐkào),孩子是她晚年唯一的倚靠。,Háizi shì tā wǎnnián wéiyī de yǐkào.,فرزندش تنها تکیه‌گاه او در دوران سالمندی است.,
214,败火,bàihuǒ,NON-HSK,动,1,（中医或日常养生说法）消除或减轻体内的“火气”（动）,کاهش دادن یا برطرف کردن «حرارت داخلی بدن» (در طب سنتی چینی یا گفتار مربوط به تندرستی) (فعل),动,فعل,有助于败火 (yǒuzhù yú bàihuǒ) | 清热败火 (qīngrè bàihuǒ) | 败火的食物 (bàihuǒ de shíwù),人们常认为绿豆汤有助于清热败火。,Rénmen cháng rènwéi lǜdòutāng yǒuzhù yú qīngrè bàihuǒ.,معمولاً معتقدند سوپ ماش به کاهش حرارت داخلی بدن کمک می‌کند.,
215,惨败,cǎnbài,NON-HSK,动、名,1,在比赛、战争或竞争中遭到严重或彻底的失败（动）,شکست سخت یا سنگینی خوردن؛ به‌شدت شکست خوردن (فعل),动,فعل,惨败给对手 (cǎnbài gěi duìshǒu) | 在决赛中惨败 (zài juésài zhōng cǎnbài) | 以零比三惨败 (yǐ líng bǐ sān cǎnbài),球队在决赛中以零比四惨败。,Qiúduì zài juésài zhōng yǐ líng bǐ sì cǎnbài.,تیم در مسابقهٔ نهایی با نتیجهٔ چهار بر صفر شکست سنگینی خورد.,
215,惨败,cǎnbài,NON-HSK,动、名,2,在比赛、战争或竞争中遭受的严重或彻底的失败（名）,شکست سخت یا سنگین (اسم),名,اسم,遭遇惨败 (zāoyù cǎnbài) | 一场惨败 (yì chǎng cǎnbài) | 惨败的原因 (cǎnbài de yuányīn),这场惨败暴露了球队的许多问题。,Zhè chǎng cǎnbài bàolù le qiúduì de xǔduō wèntí.,این شکست سنگین بسیاری از مشکلات تیم را آشکار کرد.,
216,摆手,bǎishǒu,NON-HSK,动,1,来回摇动手，表示否定、拒绝、告别或招呼等意思（动）,دست تکان دادن برای ردکردن، امتناع، خداحافظی یا احوالپرسی (فعل),动,فعل,连忙摆手 (liánmáng bǎishǒu) | 摆手拒绝 (bǎishǒu jùjué) | 向大家摆手 (xiàng dàjiā bǎishǒu),他连忙摆手说自己不需要帮助。,Tā liánmáng bǎishǒu shuō zìjǐ bù xūyào bāngzhù.,او فوراً دستش را به نشانهٔ امتناع تکان داد و گفت به کمک نیازی ندارد.,
217,摆架子,bǎi jiàzi,NON-HSK,动,1,故意表现出自以为了不起或高人一等的态度（动）,افاده‌فروشی کردن؛ خود را گرفتن؛ خود را برتر نشان دادن (فعل),动,فعل,爱摆架子 (ài bǎi jiàzi) | 不要摆架子 (bú yào bǎi jiàzi) | 在下属面前摆架子 (zài xiàshǔ miànqián bǎi jiàzi),他虽然职位很高，却从来不摆架子。,"Tā suīrán zhíwèi hěn gāo, què cónglái bù bǎi jiàzi.",با اینکه مقام بالایی دارد، هیچ‌وقت افاده‌فروشی نمی‌کند.,
218,摆威风,bǎi wēifēng,NON-HSK,动,1,故意显示自己的权力或威势，使别人害怕或服从（动）,قدرت یا اقتدار خود را به رخ کشیدن؛ قدرت‌نمایی کردن (فعل),动,فعل,当众摆威风 (dāngzhòng bǎi wēifēng) | 对下属摆威风 (duì xiàshǔ bǎi wēifēng) | 借机摆威风 (jièjī bǎi wēifēng),他总喜欢在新员工面前摆威风。,Tā zǒng xǐhuan zài xīn yuángōng miànqián bǎi wēifēng.,او همیشه دوست دارد جلوی کارکنان جدید قدرت‌نمایی کند.,
219,抓捕,zhuābǔ,NON-HSK,动,1,（较正式）采取行动抓住并逮捕犯罪嫌疑人、逃犯等（动）,گرفتن و دستگیرکردن مظنون یا فرد متواری (رسمی‌تر) (فعل),动,فعل,抓捕嫌疑人 (zhuābǔ xiányírén) | 实施抓捕 (shíshī zhuābǔ) | 成功抓捕 (chénggōng zhuābǔ),警方成功抓捕了两名犯罪嫌疑人。,Jǐngfāng chénggōng zhuābǔ le liǎng míng fànzuì xiányírén.,پلیس دو مظنون به ارتکاب جرم را با موفقیت دستگیر کرد.,
220,缉捕,jībǔ,NON-HSK,动,1,（正式）追查并抓捕在逃的犯罪嫌疑人或罪犯（动）,تعقیب و دستگیرکردن مظنون یا مجرم متواری (رسمی) (فعل),动,فعل,缉捕逃犯 (jībǔ táofàn) | 全力缉捕 (quánlì jībǔ) | 展开缉捕 (zhǎnkāi jībǔ),警方正在全力缉捕在逃嫌疑人。,Jǐngfāng zhèngzài quánlì jībǔ zàitáo xiányírén.,پلیس با تمام توان در پی دستگیری مظنون متواری است.,
221,拘捕,jūbǔ,NON-HSK,动,1,（正式，法律）依法将涉嫌违法犯罪的人抓获并拘留（动）,گرفتن و بازداشت‌کردن فرد مظنون طبق قانون (رسمی، حقوقی) (فعل),动,فعل,依法拘捕 (yīfǎ jūbǔ) | 拘捕嫌疑人 (jūbǔ xiányírén) | 下令拘捕 (xiàlìng jūbǔ),警方依法拘捕了三名涉案人员。,Jǐngfāng yīfǎ jūbǔ le sān míng shè'àn rényuán.,پلیس سه فرد مرتبط با پرونده را طبق قانون بازداشت کرد.,
222,好不容易,hǎo bù róng yì,NON-HSK,副,1,经过很大努力或等待很久以后才实现，表示过程艰难，相当于“好容易”,با هزار زحمت؛ پس از کلی دشواری بالاخره (قید),副,قید,好不容易才 (hǎobùróngyì cái) | 好不容易等到 (hǎobùróngyì děngdào) | 好不容易买到 (hǎobùróngyì mǎidào),我好不容易才买到这张火车票。,Wǒ hǎobùróngyì cái mǎidào zhè zhāng huǒchēpiào.,من با هزار زحمت بالاخره این بلیت قطار را پیدا کردم (خریدم).,
223,出轨,chū guǐ,NON-HSK,动,1,火车、电车等脱离轨道,از ریل خارج شدن؛ واژگون شدن (فعل ناگذر),动,فعل ناگذر,火车出轨 (huǒchē chūguǐ) | 严重出轨 (yánzhòng chūguǐ) | 导致出轨 (dǎozhì chūguǐ),这列火车昨晚出轨了。,Zhè liè huǒchē zuówǎn chūguǐ le.,این قطار دیشب از ریل خارج شد.,
223,出轨,chū guǐ,NON-HSK,动,2,比喻脱离 正常的轨道，多指在婚姻或恋爱关系中对伴侣不忠（比喻/口语）,خیانت کردن؛ رابطه نامشروع داشتن (فعل ناگذر، استعاری),比喻/口语,فعل ناگذر، استعاری,婚内出轨 (hūnnèi chūguǐ) | 精神出轨 (jīngshén chūguǐ) | 肉体出轨 (ròutǐ chūguǐ) | 怀疑出轨 (huáiyí chūguǐ),他在工作中认识了新朋友，后来出轨了。,"Tā zài gōngzuò zhōng rènshi le xīn péngyou, hòulái chūguǐ le.",او در محل کار با فرد جدیدی آشنا شد و بعداً خیانت کرد.,
