path,sha256,media_type,owner,license,source_url,review_status,notes
firstVideo/6799269.mp4,2ca96dd855440e013e2e009fcf5fa913e9b6db641af57020b003b6eeaf448e2d,video,,,,review_required,Historical repository asset; provenance evidence is required before production publication.
frontend/public/android-chrome-192x192.png,88f737a56035404aa505c03c3a91d51db37fff8f59a26a272f0fba0b4afa6aca,image,,,,review_required,Historical repository asset; provenance evidence is required before production publication.
frontend/public/android-chrome-512x512.png,df7d15505b4cab27b1ec9f8225e42945f441c7d6ee4d5fc8881e1bf073e39c8b,image,,,,review_required,Historical repository asset; provenance evidence is required before production publication.
frontend/public/assets/chinverse/course-profiles/Chinese Daily Podcast.jpeg,fd4e1017fee448d1690450e1f9310779214308e1e3ef8409c397ccf19d13c6ba,image,,,,review_required,Historical repository asset; provenance evidence is required before production publication.
frontend/public/assets/chinverse/course-profiles/Chinese Podcast Zone.jpeg,bc64d3ac2f1c39ca222884020e814c8835171e9a289a43066064533fffb2bd76,image,,,,review_required,Historical repository asset; provenance evidence is required before production publication.
frontend/public/assets/chinverse/course-profiles/Chinese Tales with Xiao Lin.jpeg,9f3c78a7999bbc8613482ebdd57df2c30470430c682e67372c0c6dc3f09c9a66,image,,,,review_required,Historical repository asset; provenance evidence is required before production publication.
frontend/public/assets/chinverse/course-profiles/Chinese Zero to Hero.jpeg,297f584d952d9dfa2cf89a0867c9292fc8750909b7bb2848c549d21aacd26888,image,,,,review_required,Historical repository asset; provenance evidence is required before production publication.
frontend/public/assets/chinverse/course-profiles/Free To Learn Chinese.jpeg,b5afe8d1ebc45933938cfaaab7cf6ff747c64407a8588171e0961c7319d7b07c,image,,,,review_required,Historical repository asset; provenance evidence is required before production publication.
frontend/public/assets/chinverse/course-profiles/Grace Mandarin.png,fbd48347e74fbb6abe0dc894e1e91a257e1ab29cbfcea131e569e78683d147e6,image,,,,review_required,Historical repository asset; provenance evidence is required before production publication.
frontend/public/assets/chinverse/course-profiles/HSK Grammar/hqdefault (1).jpg,e7fac3ec9fc16f443f184610e8bc6044ce0045db3488cfcf7477f0eb029a3b9b,image,,,,review_required,Historical repository asset; provenance evidence is required before production publication.
frontend/public/assets/chinverse/course-profiles/HSK Grammar/hqdefault (2).jpg,696c36ef532bb069cd2e289c936efe35ed49d449ca381ecc2a41c33be0c5fc2c,image,,,,review_required,Historical repository asset; provenance evidence is required before production publication.
frontend/public/assets/chinverse/course-profiles/HSK Grammar/hqdefault (3).jpg,80b5f8eeac12fe96b6ee0d6e5b7193c1d81adb392fbaf8f9999fd7d6ca386392,image,,,,review_required,Historical repository asset; provenance evidence is required before production publication.
frontend/public/assets/chinverse/course-profiles/HSK Grammar/hqdefault (4).jpg,eb56149e06aface56f5e2fab0399c14f9fc5ce14170eaa71271f6eb7b1c3f209,image,,,,review_required,Historical repository asset; provenance evidence is required before production publication.
frontend/public/assets/chinverse/course-profiles/HSK Grammar/hqdefault (5).jpg,0d0f68d0f6bf12b438d2deb60c251c370a8367cb9c205a161c404fcc21e5f77b,image,,,,review_required,Historical repository asset; provenance evidence is required before production publication.
frontend/public/assets/chinverse/course-profiles/HSK Grammar/hqdefault (6).jpg,a3e391b5421e7883c164dff4f816d2c150290565078018cdb443861fe4bf428c,image,,,,review_required,Historical repository asset; provenance evidence is required before production publication.
frontend/public/assets/chinverse/course-profiles/HSK Grammar/hqdefault.jpg,40804b6302a14692e6f50f90f74fb478dd3434eb8ae7d566a984e8f96d8a82f7,image,,,,review_required,Historical repository asset; provenance evidence is required before production publication.
frontend/public/assets/chinverse/course-profiles/HSK/2dd81a34-40b2-40a1-a28d-cf7c7c9f64ad.png,ebd275f4b740247f1ee171a22d433646bb4ba96cd93418f6adf2bc898f81006d,image,,,,review_required,Historical repository asset; provenance evidence is required before production publication.
"frontend/public/assets/chinverse/course-profiles/HSK/81sR2V8UC9L._AC_UF1000,1000_QL80_.jpg",d327fc3301f37cc3ceec82019fce30c1f31747d84e4eee764a1eb752319a7713,image,,,,review_required,Historical repository asset; provenance evidence is required before production publication.
frontend/public/assets/chinverse/course-profiles/HSK/HSK 1/HSK1-15.jpeg,1972930e0c023073b511b0318bb8cc074b2140e6ec5793deb113e7d2ce20a69c,image,,,,review_required,Historical repository asset; provenance evidence is required before production publication.
frontend/public/assets/chinverse/course-profiles/HSK/HSK-1-boek.jpg,28647d881b4df145494981c0a01ebc1cff88224aa5ec6bc4f4d4cbbb1255702b,image,,,,review_required,Historical repository asset; provenance evidence is required before production publication.
frontend/public/assets/chinverse/course-profiles/HSK/HSK-4下-boek-2.0.jpg,2bda338829d7a0c0deb0a43442994adf2e3a92a784e0c7b3008e8f63a7e6c33e,image,,,,review_required,Historical repository asset; provenance evidence is required before production publication.
frontend/public/assets/chinverse/course-profiles/HSK/HSK-5上-boek.jpg,b12e24c1456d2ec801ddc4182e778d3eef0b0c7d0366ed825429aee1ab5483b1,image,,,,review_required,Historical repository asset; provenance evidence is required before production publication.
frontend/public/assets/chinverse/course-profiles/HSK/HSK-5下-boek.png,4691991804342d039c3d53ad9240464a4ee5c272ed89f1fda3900ca2ed384c29,image,,,,review_required,Historical repository asset; provenance evidence is required before production publication.
frontend/public/assets/chinverse/course-profiles/HSK/HSK-6上-boek.png,8b40bcb6dff5046cae5a55b63be98cc409597ec1463fa51f2d8281a65623c0a0,image,,,,review_required,Historical repository asset; provenance evidence is required before production publication.
frontend/public/assets/chinverse/course-profiles/HSK/MicrosoftTeams-image-11-e1699895486612.jpg,181c76ef35b61b114f09251ac993e4f8b66b48696131ac3b4b77ca21de8648aa,image,,,,review_required,Historical repository asset; provenance evidence is required before production publication.
frontend/public/assets/chinverse/course-profiles/HSK/MicrosoftTeams-image-16.png,bab27da3b4e52733427ed0a1b8dc9b56b606cf23c1a4188cd8f31efe2543d9c0,image,,,,review_required,Historical repository asset; provenance evidence is required before production publication.
frontend/public/assets/chinverse/course-profiles/Hi Chinese.jpeg,92d4e132b1d22cf0ecf7da247c3233955614fc4d9726ad3a0418d4e32e8d185f,image,,,,review_required,Historical repository asset; provenance evidence is required before production publication.
frontend/public/assets/chinverse/course-profiles/HongCha红茶 Chinese.jpeg,827b171c3b07f1139b55d7bde29f6d562405490dd513e82a1fda319de772db75,image,,,,review_required,Historical repository asset; provenance evidence is required before production publication.
frontend/public/assets/chinverse/course-profiles/Love Chinese爱中文.jpeg,ff86c8ff30c2d27ad316cfc340a4e2aac73dccb3cae3bb7aad94a74043a1a219,image,,,,review_required,Historical repository asset; provenance evidence is required before production publication.
frontend/public/assets/chinverse/course-profiles/Mandarin Blueprint.png,53142528acd288afb7c2fe7b3dcba30d8fcad6f7fef7b1e7b741a7d89fb27a8d,image,,,,review_required,Historical repository asset; provenance evidence is required before production publication.
frontend/public/assets/chinverse/course-profiles/Practical Mandarin Podcast.jpeg,2bd1dde361bfc50cf31628827a617e0de1e121aacd9ef0b31575f9a02606eea7,image,,,,review_required,Historical repository asset; provenance evidence is required before production publication.
frontend/public/assets/chinverse/course-profiles/Q&A Mandarin.jpeg,8569f13435c4b9252d70e8334a351d4723446500bf2a43945ed7dfee8096553a,image,,,,review_required,Historical repository asset; provenance evidence is required before production publication.
frontend/public/assets/chinverse/course-profiles/Shi Heng Yi Online.jpeg,be9d90e295de8e4b7a500bba90ccdb18b8f7a4bcbebef81eb975432a69117157,image,,,,review_required,Historical repository asset; provenance evidence is required before production publication.
frontend/public/assets/chinverse/course-profiles/Yang Mandarin.png,b171a0465cfffdf34acc1c4d0c9a93f29317cd2d48298bae7cc11b8fe7099a35,image,,,,review_required,Historical repository asset; provenance evidence is required before production publication.
frontend/public/assets/chinverse/course-profiles/Youpeng Chinese.jpeg,2184d56ec5635e7bdefe2641cfe0515231a032ad47b9e5c1f613e06579890c3e,image,,,,review_required,Historical repository asset; provenance evidence is required before production publication.
frontend/public/assets/chinverse/course-profiles/Yoyo Chinese.png,bcb8406ccd217b101cb5876586814d46ba763f549fb5ab90e3f9f7e344ad7ad9,image,,,,review_required,Historical repository asset; provenance evidence is required before production publication.
frontend/public/assets/chinverse/course-profiles/Yoyo Chinese/1.png,ae7676fca9b001ffe323f6bf59080085ff371bba34a3aaa84a0f972b18d93c38,image,,,,review_required,Historical repository asset; provenance evidence is required before production publication.
frontend/public/assets/chinverse/course-profiles/Yoyo Chinese/10.png,2cafce832a7de46ca28e15be69173b93907c50baffa2288c20f530a754ef7c92,image,,,,review_required,Historical repository asset; provenance evidence is required before production publication.
frontend/public/assets/chinverse/course-profiles/Yoyo Chinese/2.png,f99dde30822a3a406d434f09184555717e9cfbcd3be573399e1e20d99337e0bf,image,,,,review_required,Historical repository asset; provenance evidence is required before production publication.
frontend/public/assets/chinverse/course-profiles/Yoyo Chinese/3.png,f96f50948f5771fb30c9bbb4854d8982da0fa2e3f872b7bb80d495696137cd1b,image,,,,review_required,Historical repository asset; provenance evidence is required before production publication.
frontend/public/assets/chinverse/course-profiles/Yoyo Chinese/4.png,8ef689966c6cf42fbcb60bba38d23e9bf65641ef4679166441a1455869e479ff,image,,,,review_required,Historical repository asset; provenance evidence is required before production publication.
frontend/public/assets/chinverse/course-profiles/Yoyo Chinese/5.png,eaa81c43157cc698bb5eb6e422e0025227b7ad69516926e7a9f5e250af05a3fd,image,,,,review_required,Historical repository asset; provenance evidence is required before production publication.
frontend/public/assets/chinverse/course-profiles/Yoyo Chinese/6.png,1f12ab6b52c6ce105e7e7b0ae3e75f38a86f05414c4b96cb965a537e8504138c,image,,,,review_required,Historical repository asset; provenance evidence is required before production publication.
frontend/public/assets/chinverse/course-profiles/Yoyo Chinese/7.png,8d42de432ad4e070a399e41ce97bdc97ad69e033ac75dda0ed69715009220e85,image,,,,review_required,Historical repository asset; provenance evidence is required before production publication.
frontend/public/assets/chinverse/course-profiles/Yoyo Chinese/8.png,23c97c81c31f09521ddcb218cc13055d90e13c14ddf08eed3aedd4312a8bc151,image,,,,review_required,Historical repository asset; provenance evidence is required before production publication.
frontend/public/assets/chinverse/course-profiles/Yoyo Chinese/9.png,628945220e9f6672e72fc2920505c03e53533d071fc3fd61da96ffec90ccc888,image,,,,review_required,Historical repository asset; provenance evidence is required before production publication.
frontend/public/assets/chinverse/course-profiles/Zhangkai Chinese.jpeg,84daa675ca9518bc52a287795363edcc73ca00817ff54c6ef99615d0ec9051c1,image,,,,review_required,Historical repository asset; provenance evidence is required before production publication.
frontend/public/assets/chinverse/course-profiles/channels4_profile.png,f0ff982cd336ee1bc34a5e29d16cedacbd7de3790378867216e53b763606b598,image,,,,review_required,Historical repository asset; provenance evidence is required before production publication.
frontend/public/assets/chinverse/course-profiles/fMEg1uHEG.jpeg,4bcc7f3e2efed54670f0136e1ac9aa06676dab628a03f88abddaf6fc1db375e7,image,,,,review_required,Historical repository asset; provenance evidence is required before production publication.
frontend/public/assets/chinverse/course-profiles/fR3W0dty9.jpeg,90c42f7de6d8a565fb0401f1d3543afdccf8e2c4e70147941e2d2667fbb9a018,image,,,,review_required,Historical repository asset; provenance evidence is required before production publication.
frontend/public/assets/chinverse/course-profiles/yinsong8_com.jpeg,faed9a528b3698cb85dcec019765b6bc65f161e87d9c92347436339bd99d4f64,image,,,,review_required,Historical repository asset; provenance evidence is required before production publication.
frontend/public/assets/chinverse/course-profiles/آشپزی/wang gang/fHh54Qjap.png,1771bb5e53e1b6278ae73f006df914f1a4291b91c4689b35b25bec63d93e80fb,image,,,,review_required,Historical repository asset; provenance evidence is required before production publication.
frontend/public/assets/chinverse/course-profiles/آشپزی/wang gang/fHh8Yigg9.png,c653653c787fcb416c46aa0c28958ae42a891a3b8ebda07531353ee1b3d1ecb9,image,,,,review_required,Historical repository asset; provenance evidence is required before production publication.
frontend/public/assets/chinverse/course-profiles/آشپزی/wang gang/fHh9B2tKH.png,69c148f415dbff0f544a25a31d0ba94ea0091455fe01c0880327e2bb4aba1792,image,,,,review_required,Historical repository asset; provenance evidence is required before production publication.
frontend/public/assets/chinverse/course-profiles/آشپزی/wang gang/fHh9nmF3v.png,0a9454004ee4f7d0900c029b126bb2183cad1fd4829c0ff2556c69e37ed6b614,image,,,,review_required,Historical repository asset; provenance evidence is required before production publication.
frontend/public/assets/chinverse/course-profiles/آشپزی/wang gang/fHh9tKFIl.png,b5533aec566f73d0a53c8efb894ef661c485d2421927a40dbb3d2f31a9e91cf7,image,,,,review_required,Historical repository asset; provenance evidence is required before production publication.
frontend/public/assets/chinverse/course-profiles/آشپزی/wang gang/fHh9xHWNd.png,6ddade98cad738d3318d728f992d345c343b2cc8412e46eb29aa33a87ff66d4e,image,,,,review_required,Historical repository asset; provenance evidence is required before production publication.
frontend/public/assets/chinverse/course-profiles/آشپزی/wang gang/fHhvLoS2n.png,3e5bdac578f569899905ff8c9a3d91ab53bf0c9bb0e9b5d409f528e3a5eac3a5,image,,,,review_required,Historical repository asset; provenance evidence is required before production publication.
frontend/public/assets/chinverse/course-profiles/آشپزی/wang gang/fHhvVumyb.png,59963072e16b7c716f8d2f3f533d52d4d5c7b9d60ce1c2ec3ce2387cc104f2ad,image,,,,review_required,Historical repository asset; provenance evidence is required before production publication.
frontend/public/assets/chinverse/course-profiles/آشپزی/wang gang/fHhwRbxJW.png,b9d530ddf0a1e5ce8539aee563a58b80823847b5cc86bacd0bf4108894592a6a,image,,,,review_required,Historical repository asset; provenance evidence is required before production publication.
frontend/public/assets/chinverse/course-profiles/آشپزی/wang gang/fHiAAPKYR.png,d98bade75007a743dec9711e20db2edbffdb905284b15b8841e581461b5e6650,image,,,,review_required,Historical repository asset; provenance evidence is required before production publication.
frontend/public/assets/chinverse/course-profiles/آشپزی/wang gang/fRxdbQ8jS.jpeg,2b08918ffca523b612927c9b5e6f888dd8cede9f99d6f3af86a2bc4825ef2477,image,,,,review_required,Historical repository asset; provenance evidence is required before production publication.
frontend/public/assets/chinverse/course-profiles/آشپزی/wang gang/fRxgJHCT2.jpeg,d90ceeb98a4d14d356d7caf79868fa80c6fba269db7df66634449e608691cf53,image,,,,review_required,Historical repository asset; provenance evidence is required before production publication.
frontend/public/assets/chinverse/course-profiles/آشپزی/wang gang/fRxihnWrx.jpeg,726595721820817e536398ff97ea3ebd6ad68ad7b6962c04308a7f8993904268,image,,,,review_required,Historical repository asset; provenance evidence is required before production publication.
frontend/public/assets/chinverse/course-profiles/آشپزی/wang gang/fRxjlN9xg.jpeg,b999a2d4ea75f10c55088b1be3cc46a3f2cac40f8542f267e9f40e1ce1e10b48,image,,,,review_required,Historical repository asset; provenance evidence is required before production publication.
frontend/public/assets/chinverse/course-profiles/آشپزی/wang gang/fRxlPoEIo.jpeg,2bd5421b086e3f90bfb11b5d5ff9b064095d7c3381313859889e2fce949c660d,image,,,,review_required,Historical repository asset; provenance evidence is required before production publication.
frontend/public/assets/chinverse/course-profiles/آشپزی/wang gang/fRxnIPt8O.jpeg,9d72d70650c0210f83e35bc69f36abc7e2a516402029d3614f7ae0bb9b14e726,image,,,,review_required,Historical repository asset; provenance evidence is required before production publication.
frontend/public/assets/chinverse/course-profiles/آشپزی/wang gang/fRxodnqMu.jpeg,f68932fa2c5d7eaeeb23ac2d173c782a2d8e42a9635c9386669d46cb613069a1,image,,,,review_required,Historical repository asset; provenance evidence is required before production publication.
"frontend/public/assets/chinverse/course-profiles/آشپزی/wang gang/src=http___t15.baidu.com_it_u=3949067912,3348197538&fm=225&app=113&f=JPEG_w=640&h=360&s=7609D4097E321F96C608D4CE03003020&refer=http___www.baidu.jpg",217ddbc05ddb02b2218eb52afff7882244ff5ca74a50ba98c11a4ffe5def85ee,image,,,,review_required,Historical repository asset; provenance evidence is required before production publication.
frontend/public/assets/chinverse/course-profiles/آشپزی/中国美食频道.png,10d6590fed921f7fe2e27261f7784e54f96a6a1b51f48fc13d29d8eb9a8b7970,image,,,,review_required,Historical repository asset; provenance evidence is required before production publication.
frontend/public/assets/chinverse/course-profiles/آشپزی/小高姐的魔法调料.png,d4d33317dc2a8c77bafcd049491ee6809f03f51aa40c95761b21d101a1b9ce18,image,,,,review_required,Historical repository asset; provenance evidence is required before production publication.
frontend/public/assets/chinverse/course-profiles/آشپزی/美食作家王刚.png,a9a40dfb738d7a7005430e3dc600d99c8902adc0c3cdfa252f8c7c11973c57d9,image,,,,review_required,Historical repository asset; provenance evidence is required before production publication.
frontend/public/assets/chinverse/course-profiles/آشپزی/老饭骨.png,ff5561e5763d608299989ce2fba073cf7c16f6423f2ed5e0c18b9804587229d2,image,,,,review_required,Historical repository asset; provenance evidence is required before production publication.
frontend/public/assets/chinverse/course-profiles/انیمیشن و کارتون ها/1608622862523510N6kT.jpg,7c77cc34311ee62938d212152457c288b96244e8643a8834122bfda45c07b8b7,image,,,,review_required,Historical repository asset; provenance evidence is required before production publication.
frontend/public/assets/chinverse/course-profiles/انیمیشن و کارتون ها/20250715-lxh_s.jpeg,eb8b74e0e7391b3cac15779a66e6b48fce39e18322f5d2af3d5bd017aa7023fb,image,,,,review_required,Historical repository asset; provenance evidence is required before production publication.
frontend/public/assets/chinverse/course-profiles/انیمیشن و کارتون ها/8dcc5bfc-4fdf-455b-9439-468b6cba90ea.png,ba501db669e96d43ad1f2c056cf4e778abec7344ae40496d669c8d01420f1d81,image,,,,review_required,Historical repository asset; provenance evidence is required before production publication.
frontend/public/assets/chinverse/course-profiles/انیمیشن و کارتون ها/Jiang Ziya .jpg,d6b7940977701befdc7ed9d63f6d24966053e5e38b061ad1bbafb793824e658b,image,,,,review_required,Historical repository asset; provenance evidence is required before production publication.
frontend/public/assets/chinverse/course-profiles/انیمیشن و کارتون ها/Jiang Ziya 1.jpeg,dcb6d7d0dbcc7957df0af02c5b0912772f3bdf1cd9182c0cb4f70d9e4e9e78cf,image,,,,review_required,Historical repository asset; provenance evidence is required before production publication.
frontend/public/assets/chinverse/course-profiles/انیمیشن و کارتون ها/OIP (9).jpg,040d1bd718139df346ba24bcf205bfaf27ceb8769c8bea9cb903462855050d7a,image,,,,review_required,Historical repository asset; provenance evidence is required before production publication.
frontend/public/assets/chinverse/course-profiles/انیمیشن و کارتون ها/da_hu_fa-926020162-large.jpg,34442f256f6f19478982de0ce70b34db24498ba9a67c4378b37bc095a1b39a12,image,,,,review_required,Historical repository asset; provenance evidence is required before production publication.
frontend/public/assets/chinverse/course-profiles/انیمیشن و کارتون ها/hq720 (1).jpg,61df2edd03b167aba8f82bf6d39c7da23a8c2be02a6efc9d416e9e4eea681de9,image,,,,review_required,Historical repository asset; provenance evidence is required before production publication.
frontend/public/assets/chinverse/course-profiles/انیمیشن و کارتون ها/hq720.jpg,0f7df88de7f9f7509a00fa7b3ac17d4bec55abe14c53ca31fe37012bd927a04d,image,,,,review_required,Historical repository asset; provenance evidence is required before production publication.
frontend/public/assets/chinverse/course-profiles/انیمیشن و کارتون ها/《中华弟子规》第一季.jpg,54ddb1d3a0e75f220d2d3120f05a638dc3e013278c40903097b40a18a3705a2f,image,,,,review_required,Historical repository asset; provenance evidence is required before production publication.
frontend/public/assets/chinverse/course-profiles/انیمیشن و کارتون ها/大护法.jpg,d61ffb681772266ad6a2e2997172f475c42f9fd136b59c504ba5dde4a0ff7986,image,,,,review_required,Historical repository asset; provenance evidence is required before production publication.
frontend/public/assets/chinverse/course-profiles/انیمیشن و کارتون ها/大护法2.jpeg,8e6d2b450b1dff2e8ae522d84f1f5bb1f0e8cece768bfde7649435aa2bb9cf02,image,,,,review_required,Historical repository asset; provenance evidence is required before production publication.
frontend/public/assets/chinverse/course-profiles/انیمیشن و کارتون ها/大鱼海棠.jpeg,561d5052b0cf27379e59e96e23ea1219d166c6a468eb1462bda1ee3de284f07f,image,,,,review_required,Historical repository asset; provenance evidence is required before production publication.
frontend/public/assets/chinverse/course-profiles/انیمیشن و کارتون ها/大鱼海棠1.jpg,65dc421f4a3996bbe348b2d4c55e6ed45d402154bcbdc3e35511378c13fdb81e,image,,,,review_required,Historical repository asset; provenance evidence is required before production publication.
frontend/public/assets/chinverse/course-profiles/انیمیشن و کارتون ها/熊出没之探险日记/0.jpg,60fbe256e80b3ce5b9e739b6d689e9c58905f5111db6b1cb28d6c67735a2ae2f,image,,,,review_required,Historical repository asset; provenance evidence is required before production publication.
frontend/public/assets/chinverse/course-profiles/انیمیشن و کارتون ها/熊出没之探险日记/019b42666b0c49d3988c046f0c17248e.jpeg,6fb09c1969eb758980835d8d09f9ffcfb1dcba9e055c4dfb6f16494ca0fe5b03,image,,,,review_required,Historical repository asset; provenance evidence is required before production publication.
frontend/public/assets/chinverse/course-profiles/انیمیشن و کارتون ها/熊出没之探险日记/1.png,1e42a7d970d072651cc9c8131c37d1d3045b33d34262fbb2e32aae147fe4ebcf,image,,,,review_required,Historical repository asset; provenance evidence is required before production publication.
frontend/public/assets/chinverse/course-profiles/انیمیشن و کارتون ها/熊出没之探险日记/2.jpg,17a645a230d74ed82742df12ab55051ee005bf0da5eecd992fc1b9a1d741264a,image,,,,review_required,Historical repository asset; provenance evidence is required before production publication.
frontend/public/assets/chinverse/course-profiles/انیمیشن و کارتون ها/熊出没之探险日记/20200723_140015.webp,3445ddb991ccdd868d55766cc122633805b6712d3574e9384808b0dc91b5364f,image,,,,review_required,Historical repository asset; provenance evidence is required before production publication.
frontend/public/assets/chinverse/course-profiles/انیمیشن و کارتون ها/熊出没之探险日记/3.jpg,126c5a4b0b95e6c464b677b12c5c04590624e205140dd9cc1ffeef59a802b3ef,image,,,,review_required,Historical repository asset; provenance evidence is required before production publication.
frontend/public/assets/chinverse/course-profiles/انیمیشن و کارتون ها/熊出没之探险日记/5.png,8788edcce101bcc8ccdd479599db82ee681ed5ec3abbd54b40d702d030e6f465,image,,,,review_required,Historical repository asset; provenance evidence is required before production publication.
frontend/public/assets/chinverse/course-profiles/انیمیشن و کارتون ها/熊出没之探险日记/6.jpg,97de1c439f6deb9dd2fbbbba3527548debd5beff9785df2ae31f0ba24a21b6d9,image,,,,review_required,Historical repository asset; provenance evidence is required before production publication.
frontend/public/assets/chinverse/course-profiles/انیمیشن و کارتون ها/熊出没之探险日记/7.jpg,d8f1828c66eeec14c1a6c3c15a869903ff686a39206013b1ba45a8e563481361,image,,,,review_required,Historical repository asset; provenance evidence is required before production publication.
frontend/public/assets/chinverse/course-profiles/انیمیشن و کارتون ها/熊出没之探险日记/8.png,6688bd36a312de027b5fb8a9c0c3a8d6851e9f086a76bff567ca9caf97b288d3,image,,,,review_required,Historical repository asset; provenance evidence is required before production publication.
frontend/public/assets/chinverse/course-profiles/انیمیشن و کارتون ها/熊出没之探险日记/a_100255380_m_601_720_405.jpg,369cf684a2067237372ce2d9713bebceb6e23008814470531591c575a59c3d47,image,,,,review_required,Historical repository asset; provenance evidence is required before production publication.
frontend/public/assets/chinverse/course-profiles/انیمیشن و کارتون ها/熊出没之探险日记/v_114083026_m_601_m2_480_270.jpg,d79bf6f1302e360c87e65a1149b49332bd76a508acf751347b9556ba2cc23f78,image,,,,review_required,Historical repository asset; provenance evidence is required before production publication.
frontend/public/assets/chinverse/course-profiles/انیمیشن و کارتون ها/熊出没之探险日记/v_114118914_m_601_m1_480_270.jpg,3e28e4f17f33732b4d6f07a1859fa746f8d7792175d86a9a03e7212c6dfe4ca7,image,,,,review_required,Historical repository asset; provenance evidence is required before production publication.
frontend/public/assets/chinverse/course-profiles/انیمیشن و کارتون ها/熊出没之探险日记/v_114118916_m_601_m1_480_270.jpg,458a41d441e3d3df73d4af38756650c6e7025fa1df74d475a4ca0df3fc4bcf0a,image,,,,review_required,Historical repository asset; provenance evidence is required before production publication.
frontend/public/assets/chinverse/course-profiles/انیمیشن و کارتون ها/熊出没之探险日记/v_114118922_m_601_m1_480_270.jpg,8d859e150acb7688b3fe9d668bc1e8e5794e16e3b15d462eccd62621f4566f5b,image,,,,review_required,Historical repository asset; provenance evidence is required before production publication.
frontend/public/assets/chinverse/course-profiles/انیمیشن و کارتون ها/熊出没之探险日记/熊出没之探险日记 (1).jpg,b5c804f5d9e0873decb277a587e52632320be5698e3574ba31e279a4af8f7993,image,,,,review_required,Historical repository asset; provenance evidence is required before production publication.
frontend/public/assets/chinverse/course-profiles/انیمیشن و کارتون ها/熊出没之探险日记/熊出没之探险日记2- (4).jpg,cb7eda9166c19d413d2f667a0b8f5bb10746ed8ad61ce34263f65d00b49f8f0b,image,,,,review_required,Historical repository asset; provenance evidence is required before production publication.
frontend/public/assets/chinverse/course-profiles/انیمیشن و کارتون ها/白蛇2：青蛇劫起.jpeg,a1fc995c83f254d12e30cee429bd84335b6b51f4087ea538c048ee15182e57f5,image,,,,review_required,Historical repository asset; provenance evidence is required before production publication.
frontend/public/assets/chinverse/course-profiles/انیمیشن و کارتون ها/白蛇2：青蛇劫起1.jpeg,b74d4bd3ff051de24a6556a2d30c9de772467bd1bd639ad82e82a05f2a39108b,image,,,,review_required,Historical repository asset; provenance evidence is required before production publication.
frontend/public/assets/chinverse/course-profiles/انیمیشن و کارتون ها/白蛇：缘起 .webp,3e58ab898f7bd8f38ebfd8e53fc32eb39885340056a10934973b4b46b44ebec0,image,,,,review_required,Historical repository asset; provenance evidence is required before production publication.
frontend/public/assets/chinverse/course-profiles/انیمیشن و کارتون ها/白蛇：缘起 1.jpeg,7841c4da3f517ddfc202cc5b8732d1714e521ea96cfd38ab53209d994704afee,image,,,,review_required,Historical repository asset; provenance evidence is required before production publication.
frontend/public/assets/chinverse/course-profiles/سریال/Reset-Chinese-drama-review-poster-576x1024.jpg,b14b4963f1d7da6d8010d0ec99eb1448ec3339a38c44b71bfdc3157c4b6be9dd,image,,,,review_required,Historical repository asset; provenance evidence is required before production publication.
frontend/public/assets/chinverse/course-profiles/سریال/fSs8ZFFW8.jpeg,1e0826f7ab32dedc123727e9ed6d5fe75475316c8e97c24909ea2b62257dc481,image,,,,review_required,Historical repository asset; provenance evidence is required before production publication.
frontend/public/assets/chinverse/course-profiles/سریال/fSs8b6nqJ.jpeg,27753d7d9006540b095bbded67e6fadd5c44cb3dc3c3ced734ca957e2a146819,image,,,,review_required,Historical repository asset; provenance evidence is required before production publication.
frontend/public/assets/chinverse/course-profiles/سریال/fSsmlIFtA.jpeg,6fd0b6a88bc5284bc5aa6a638b5f6d4bd7e7e4cc70c02413f867fa920f1b5c57,image,,,,review_required,Historical repository asset; provenance evidence is required before production publication.
frontend/public/assets/chinverse/course-profiles/سریال/fSsmm3Ada.jpeg,52018e7562cbac6e5131e916de7e4e510a95f517417f9f6328a255b32a3b3d47,image,,,,review_required,Historical repository asset; provenance evidence is required before production publication.
frontend/public/assets/chinverse/course-profiles/سریال/fStIMmlHf.jpeg,b73858ecc8461f526bb6511b8f2f41cc9b78002b6a376db588da0a3929b0975c,image,,,,review_required,Historical repository asset; provenance evidence is required before production publication.
frontend/public/assets/chinverse/course-profiles/سریال/hq720.jpg,895231320292953ca2fe83f8be40cf7e9504b0be91b375b03cb9c192e9e571fc,image,,,,review_required,Historical repository asset; provenance evidence is required before production publication.
frontend/public/assets/chinverse/course-profiles/سریال/v2-2663d60481b402789eaca506206a4cb6_r.jpg,b45c81b4c9dad78dcfd1c33ac50b6024b35a46846e993e43a9213d60c5ee0c43,image,,,,review_required,Historical repository asset; provenance evidence is required before production publication.
frontend/public/assets/chinverse/course-profiles/فیلم ها/2fc22437ed.jpg,26defc2335af38f7027f2ace5095b19d488187e5c5b4bd2a26764a8450162fae,image,,,,review_required,Historical repository asset; provenance evidence is required before production publication.
frontend/public/assets/chinverse/course-profiles/فیلم ها/574e9258d109b3de04b75674e33f348e800a4c35.webp,26bacc670889ed9df9f7ff6981bc737d0ba031d1b479e508e9f0214ef8e6ea21,image,,,,review_required,Historical repository asset; provenance evidence is required before production publication.
frontend/public/assets/chinverse/course-profiles/فیلم ها/7a2c5d6682af4fead82a6586118b953663ae929f.jpg,13999641ce518adbf1ea1f9221c8951dab02199577cacf26aee287d9c79bd84f,image,,,,review_required,Historical repository asset; provenance evidence is required before production publication.
frontend/public/assets/chinverse/course-profiles/فیلم ها/OIP (6).jpg,83f33694c30ddecbd29ba47f789fddd77477fed002c842d1cdaf052e93faa435,image,,,,review_required,Historical repository asset; provenance evidence is required before production publication.
"frontend/public/assets/chinverse/course-profiles/فیلم ها/u=1063630772,2739167298&fm=253&fmt=auto&app=138&f=JPEG.webp",0b38f2201062b37e293204703c39ef9d7b3856fdb664e2eb3ffa3557025d149f,image,,,,review_required,Historical repository asset; provenance evidence is required before production publication.
frontend/public/assets/chinverse/course-profiles/فیلم ها/v2-42e7666cefabd3b6a08d95b1ae6b2058_r.webp,6456974b3124db33c4e394cd41f78b2b2a8fdddef2dc3bef5b54d1dca87179e6,image,,,,review_required,Historical repository asset; provenance evidence is required before production publication.
frontend/public/assets/chinverse/course-profiles/فیلم ها/v2-954f1ef78b8bace39d28734f656076dc_r.jpg,6df3b2e64a45d0c4dc33a1fa19d094d69a460b6b07c1b22d7c936d14510b76e1,image,,,,review_required,Historical repository asset; provenance evidence is required before production publication.
frontend/public/assets/chinverse/course-profiles/فیلم ها/一秒钟.jpg,51393b1bfce0698de4cfc1c31b5192e704bde2bd3a5f59b6bd29269e7d512b30,image,,,,review_required,Historical repository asset; provenance evidence is required before production publication.
frontend/public/assets/chinverse/course-profiles/فیلم ها/你好，李焕英.jpeg,413108ff55d5945f015d5b87721869eb05c19fd133333d7a74eab06e149f0416,image,,,,review_required,Historical repository asset; provenance evidence is required before production publication.
frontend/public/assets/chinverse/course-profiles/فیلم ها/你好，李焕英2.jpeg,48777c8eb123a6638d823eec64b38d1aaf876432354388bbb064af5a18b47e11,image,,,,review_required,Historical repository asset; provenance evidence is required before production publication.
frontend/public/assets/chinverse/course-profiles/فیلم ها/我的少女时代.jpeg,d1bcc17c92c979ac8c9a01422b005891f3bfb23b7632a53e9e251cbd0939072e,image,,,,review_required,Historical repository asset; provenance evidence is required before production publication.
frontend/public/assets/chinverse/course-profiles/فیلم ها/我的少女时代2.jpeg,9dbad7dd4142aaef57cfbd5aaecef1ac5cd68fc33e21512b68360b73b27f65b1,image,,,,review_required,Historical repository asset; provenance evidence is required before production publication.
frontend/public/assets/chinverse/course-profiles/فیلم ها/流浪地球1.jpeg,aa1f0de31f28f5da17234f227c63364cc4e3ecfa5b525fb0b1616851c08fab0a,image,,,,review_required,Historical repository asset; provenance evidence is required before production publication.
frontend/public/assets/chinverse/course-profiles/فیلم ها/流浪地球2.jpg,93dbbce52e31ec2c0777c67ea465212c965426c0583b1808f73b0d2c2beff3f9,image,,,,review_required,Historical repository asset; provenance evidence is required before production publication.
frontend/public/assets/chinverse/course-profiles/فیلم ها/红海行动.jpeg,0ac29bf877b651e1c4531c427a9c13175da1c7a9ab31cfdb1aece006a8449fef,image,,,,review_required,Historical repository asset; provenance evidence is required before production publication.
frontend/public/assets/chinverse/course-profiles/فیلم ها/红海行动2.jpeg,48e3c48bd40aa3618490a1a97aea75fe83c2bd031525d20064dcd041c68ec830,image,,,,review_required,Historical repository asset; provenance evidence is required before production publication.
frontend/public/assets/chinverse/course-profiles/فیلم ها/西虹市首富.jpeg,a37149cca8cde22c5a54f61675dde5d046aecd0c2c66f96293a80e874626a9d6,image,,,,review_required,Historical repository asset; provenance evidence is required before production publication.
frontend/public/assets/chinverse/course-profiles/فیلم ها/西虹市首富2.jpeg,8a492bb298d6b1c94d3d572faaaef95bc16b0fc78b6d156fcc6363f3b8b3a9a8,image,,,,review_required,Historical repository asset; provenance evidence is required before production publication.
frontend/public/assets/chinverse/course-profiles/موسیقی/G.E.M/Revelation(1).png,ea266ac1588b9fb79546db4c906d7ee7a4aa96f2f3af9107e54d4fe0d8310139,image,,,,review_required,Historical repository asset; provenance evidence is required before production publication.
frontend/public/assets/chinverse/course-profiles/موسیقی/G.E.M/Xposed(1).png,645764a4907a7c70b0b74ca093db882994a398028e0158c7e69a6676f5a8c31a,image,,,,review_required,Historical repository asset; provenance evidence is required before production publication.
frontend/public/assets/chinverse/course-profiles/موسیقی/G.E.M/hq720.avif,753e23550a360e79503b2738beee77302bd3602e7a1c3d556dd8128133309830,image,,,,review_required,Historical repository asset; provenance evidence is required before production publication.
frontend/public/assets/chinverse/course-profiles/موسیقی/G.E.M/hq720.jpg,118c8d0b0cada62797d32c3377ba1c8bf5917172824b224fc805618c53961ece,image,,,,review_required,Historical repository asset; provenance evidence is required before production publication.
frontend/public/assets/chinverse/course-profiles/موسیقی/G.E.M/maxresdefault.png,19baaf89658589dc257e798ad224704e5c683abe036df9016535087b95ecb0a6,image,,,,review_required,Historical repository asset; provenance evidence is required before production publication.
frontend/public/assets/chinverse/course-profiles/موسیقی/G.E.M/s3727450.jpg,c39826ba86f31f2a215918ef9b59eb10f687b45aea2b8ae18942b182cbb7c6df,image,,,,review_required,Historical repository asset; provenance evidence is required before production publication.
"frontend/public/assets/chinverse/course-profiles/موسیقی/G.E.M/u=2121021596,3428832158&fm=253&app=138&f=JPEG.jpg",2fe2d7e1143ffdfb224da211d8b593e94bcc2e61e0200c8008d5a243db8dbc69,image,,,,review_required,Historical repository asset; provenance evidence is required before production publication.
frontend/public/assets/chinverse/course-profiles/موسیقی/G.E.M/摩天动物园.png,e25e9d6be995b8d191a26134aeab17c7c1f6925eedf758bed7fc4c88dcb1ff8d,image,,,,review_required,Historical repository asset; provenance evidence is required before production publication.
frontend/public/assets/chinverse/course-profiles/موسیقی/G.E.M/新的心跳(1).png,2f667b5f1e5b196dec51fc0652cdb65a1e1a070bd9ae2b9e01091c1941d48f9c,image,,,,review_required,Historical repository asset; provenance evidence is required before production publication.
frontend/public/assets/chinverse/course-profiles/موسیقی/周杰伦 Jay/039a27c0a9ee4ac2892122be6ffc8997.jpeg,f797539a32d020e0f4c0a0076353e2a60dba63535d6cb51ed0fc09e8e14cae2b,image,,,,review_required,Historical repository asset; provenance evidence is required before production publication.
frontend/public/assets/chinverse/course-profiles/موسیقی/周杰伦 Jay/1.png,1c810ace26e3b32e890876b486d6821de80d0bc71579224f1f5a437b167e7203,image,,,,review_required,Historical repository asset; provenance evidence is required before production publication.
frontend/public/assets/chinverse/course-profiles/موسیقی/周杰伦 Jay/110a9f6b433d4177ab23db9f7ef62c9f.webp,78b7a0e5a90ce28629b4e62e7ddf4c8dccf98d1718480ecdb35b8a9966cb5c31,image,,,,review_required,Historical repository asset; provenance evidence is required before production publication.
frontend/public/assets/chinverse/course-profiles/موسیقی/周杰伦 Jay/1200x1200bf-60.jpg,4d9048c4a9510d4ee7b8daf28cb894740dde2d378e174c99ad096279009bf3c2,image,,,,review_required,Historical repository asset; provenance evidence is required before production publication.
frontend/public/assets/chinverse/course-profiles/موسیقی/周杰伦 Jay/9c16fdfaaf51f3de378d0e1975fa5b153a2979ab.jpeg,1e531ceb44a5cac5f3f3cf1ef77bedbfd0c8da12da0f82cf55e4a9d000ba31fd,image,,,,review_required,Historical repository asset; provenance evidence is required before production publication.
frontend/public/assets/chinverse/course-profiles/موسیقی/周杰伦 Jay/FjXIQELdtvJjb4ASpXRInD7X_Rcs.jpg!730x0.jpg,afedfe18512cff3503001a2d8a4c35ea968a59832ed3109365a3201d202e7574,image,,,,review_required,Historical repository asset; provenance evidence is required before production publication.
frontend/public/assets/chinverse/course-profiles/موسیقی/周杰伦 Jay/fF6UM13Qu.png,c5e8756b7b9a2e1f20189da852dacfda4f7d30f2cc170b2b095ef9071070811e,image,,,,review_required,Historical repository asset; provenance evidence is required before production publication.
frontend/public/assets/chinverse/course-profiles/موسیقی/周杰伦 Jay/fF6Xwg1id.png,288895adf6dbe1ff198c7210b4d7a500c1b62cf0e5c28757ba18ea8ac8666b65,image,,,,review_required,Historical repository asset; provenance evidence is required before production publication.
frontend/public/assets/chinverse/course-profiles/موسیقی/周杰伦 Jay/fF6bYEc5y.png,b609022f54b8fc705332ac8d7ba4d6834dabfc58772b1c9bfccbfb2c37f32620,image,,,,review_required,Historical repository asset; provenance evidence is required before production publication.
frontend/public/assets/chinverse/course-profiles/موسیقی/周杰伦 Jay/fF6hztqXj.png,28aaf9e72cb88c2352c94d746e623c539e3297493f9b219b24a5212737873c72,image,,,,review_required,Historical repository asset; provenance evidence is required before production publication.
frontend/public/assets/chinverse/course-profiles/موسیقی/周杰伦 Jay/fF6iiPreE.png,4f75fe1017448491b0253e1be8d15e2867b8b9312091b8567c915d3876fd7fee,image,,,,review_required,Historical repository asset; provenance evidence is required before production publication.
frontend/public/assets/chinverse/course-profiles/موسیقی/周杰伦 Jay/fF6jNng95.png,beed9ddaea4298ddb52b7ac8b34a96e450f1257e28d3cc7e508c8bbe8a7c4a6e,image,,,,review_required,Historical repository asset; provenance evidence is required before production publication.
frontend/public/assets/chinverse/course-profiles/موسیقی/周杰伦 Jay/fF6jqyBem.png,10487369e8a0c72d7ccae52ee870be46cabb2ce19df4ab72edcf1832ef951ea0,image,,,,review_required,Historical repository asset; provenance evidence is required before production publication.
frontend/public/assets/chinverse/course-profiles/موسیقی/周杰伦 Jay/fF6kGeK2M.png,ceca3cc5a410b580d2c9060766586a7fe8b17f67fc74b1ff007b63c80a844c83,image,,,,review_required,Historical repository asset; provenance evidence is required before production publication.
frontend/public/assets/chinverse/course-profiles/موسیقی/周杰伦 Jay/fF6kkxacI.png,9452611a14f33038854c80a1b56e4cbdc4e231ffca6335548ccc26675cd734be,image,,,,review_required,Historical repository asset; provenance evidence is required before production publication.
frontend/public/assets/chinverse/course-profiles/موسیقی/周杰伦 Jay/fF6lGYoky.png,5e53d25d62332c7055d16634edbb1b96dd6fa0647bc397a7009f7dd58cc125be,image,,,,review_required,Historical repository asset; provenance evidence is required before production publication.
frontend/public/assets/chinverse/course-profiles/موسیقی/周杰伦 Jay/image-w856.webp,2aade33d3e029ed528b020641329c7527944a0455f773cd8e254246a21e4fbd8,image,,,,review_required,Historical repository asset; provenance evidence is required before production publication.
"frontend/public/assets/chinverse/course-profiles/موسیقی/周杰伦 Jay/u=766582930,1482429919&fm=253&app=138&f=JPEG.jpg",02dbfdc0ba26a449ffae14eb248af532615103920718694896f655509a0bfadb,image,,,,review_required,Historical repository asset; provenance evidence is required before production publication.
frontend/public/assets/chinverse/course-profiles/موسیقی/周杰伦 Jay/周杰伦.jpg,13e669a634f312efbe62767ae49e6c55eb21d04969b59bc124d2935296380233,image,,,,review_required,Historical repository asset; provenance evidence is required before production publication.
frontend/public/assets/chinverse/course-profiles/موسیقی/周杰伦 Jay/周杰伦的床边故事.png,5e392100dba403cc8511d01d1b58f6a7bcf3fa0f43fe354b77a729fcd02ba9a8,image,,,,review_required,Historical repository asset; provenance evidence is required before production publication.
frontend/public/assets/chinverse/course-profiles/موسیقی/林俊杰 JJ Lin/100天.png,e4d0bc5247868871fffce2a7a1b98de18166d613ba03da70e6f2348e0543556d,image,,,,review_required,Historical repository asset; provenance evidence is required before production publication.
"frontend/public/assets/chinverse/course-profiles/موسیقی/林俊杰 JJ Lin/ChatGPT Image May 9, 2026, 11_24_16 AM.png",03723ae6288e908c1aa26ab8665d06a74dd99b4dbbcf3b7b63c5e0c4a3be5fba,image,,,,review_required,Historical repository asset; provenance evidence is required before production publication.
frontend/public/assets/chinverse/course-profiles/موسیقی/林俊杰 JJ Lin/Happily.png,a0d47d321eaebb72fbe736db72168b134f6651f67411895f64378f3fb50b4462,image,,,,review_required,Historical repository asset; provenance evidence is required before production publication.
frontend/public/assets/chinverse/course-profiles/موسیقی/林俊杰 JJ Lin/JJ陆.png,59450378ed95082e7355dbda2a83e989abcb98823b611ea18266b0826e6953de,image,,,,review_required,Historical repository asset; provenance evidence is required before production publication.
frontend/public/assets/chinverse/course-profiles/موسیقی/林俊杰 JJ Lin/b7fd5266d0160924d2c467609a3c12eae7cd34b7.webp,6333c30d47681bb506d6497548817e94cd2075cfa4eb2e961458e9fc1001b67f,image,,,,review_required,Historical repository asset; provenance evidence is required before production publication.
frontend/public/assets/chinverse/course-profiles/موسیقی/林俊杰 JJ Lin/channels4_profile.jpg,1f9c4717e94bd960d743cfd26fd750da00ebc1dd60e5b4d5f3a4e32614934b7a,image,,,,review_required,Historical repository asset; provenance evidence is required before production publication.
frontend/public/assets/chinverse/course-profiles/موسیقی/林俊杰 JJ Lin/fSkOoiT2F.jpeg,82de8a06bd12b8731becfe22686800c0afad9dcebccb88ca6bdad49ed9d82ece,image,,,,review_required,Historical repository asset; provenance evidence is required before production publication.
frontend/public/assets/chinverse/course-profiles/موسیقی/林俊杰 JJ Lin/from me to myself.png,5449709852125e253b74c0bee9221ce2460453830687b2765fd1c83e7958b6dc,image,,,,review_required,Historical repository asset; provenance evidence is required before production publication.
frontend/public/assets/chinverse/course-profiles/موسیقی/林俊杰 JJ Lin/image_257676131761206.jpg,39bdafa1f19a159b594d0570288acef29f8a33e33b734e4bc50c6bfe7a186760,image,,,,review_required,Historical repository asset; provenance evidence is required before production publication.
frontend/public/assets/chinverse/course-profiles/موسیقی/林俊杰 JJ Lin/image_301670630655251.jpg,882b40c0337ef7b28f470278a03e6398eebe6c6c9b171f8464bd7112cb8b245c,image,,,,review_required,Historical repository asset; provenance evidence is required before production publication.
"frontend/public/assets/chinverse/course-profiles/موسیقی/林俊杰 JJ Lin/u=3988393132,802677079&fm=253&app=138&f=JPEG.jpg",4207158a5f0b5db841b7836dc0dc17698d8fa622f5f2e90b846370245f6a4ac2,image,,,,review_required,Historical repository asset; provenance evidence is required before production publication.
frontend/public/assets/chinverse/course-profiles/موسیقی/林俊杰 JJ Lin/乐行者.png,c99f11a094bce425e788118e2e678d56638de863783509c6db02932be231aa75,image,,,,review_required,Historical repository asset; provenance evidence is required before production publication.
frontend/public/assets/chinverse/course-profiles/موسیقی/林俊杰 JJ Lin/他说.png,e689a2ee6ac541701b4936ea96c220d9315d4f639ad26b4908a1e72d927ccfde,image,,,,review_required,Historical repository asset; provenance evidence is required before production publication.
frontend/public/assets/chinverse/course-profiles/موسیقی/林俊杰 JJ Lin/伟大的渺小.png,b12e1ffd325513f3fc5862db8e604a9bf79199778e2d12140843e2f5d78447ef,image,,,,review_required,Historical repository asset; provenance evidence is required before production publication.
frontend/public/assets/chinverse/course-profiles/موسیقی/林俊杰 JJ Lin/因你而在.png,14f290cc83f2191fab0b5a7ec60634a5a6137b10320497d272b94746e358e34f,image,,,,review_required,Historical repository asset; provenance evidence is required before production publication.
frontend/public/assets/chinverse/course-profiles/موسیقی/林俊杰 JJ Lin/学不会.png,0cd6f31fc241b420ec94982ea878855dd9b5518ee98b3788747cccca132d5982,image,,,,review_required,Historical repository asset; provenance evidence is required before production publication.
frontend/public/assets/chinverse/course-profiles/موسیقی/林俊杰 JJ Lin/新地球 .png,7283be82258b0d1beccbd43c43ee8f46478ee9cb9f016fdc0f821d900aed03ec,image,,,,review_required,Historical repository asset; provenance evidence is required before production publication.
frontend/public/assets/chinverse/course-profiles/موسیقی/林俊杰 JJ Lin/曹操.png,16b0e8d9695170ce169f219ee8659871234ac9a3763d7879ec4a362f8b414a82,image,,,,review_required,Historical repository asset; provenance evidence is required before production publication.
frontend/public/assets/chinverse/course-profiles/موسیقی/林俊杰 JJ Lin/第二天堂.png,aaae14837bc4d2e6ad4cc2d6f6ffa12842201b208bb4d167ee38f20f175fe7d0,image,,,,review_required,Historical repository asset; provenance evidence is required before production publication.
frontend/public/assets/chinverse/course-profiles/موسیقی/林俊杰 JJ Lin/编号89757.png,3d3dc1ac49ec3e8e27e35b4e3d86f5be5420f3d6cb95f6914329a6aae43b14fd,image,,,,review_required,Historical repository asset; provenance evidence is required before production publication.
frontend/public/assets/chinverse/course-profiles/موسیقی/林俊杰 JJ Lin/西界.png,c84f9d09f882fa880dd9e30f97766982bfc8d2c4f906cc5afcf3c5af8ff4d2c1,image,,,,review_required,Historical repository asset; provenance evidence is required before production publication.
frontend/public/assets/chinverse/course-profiles/《八段锦》.jpeg,cff24e3bb664ca55367d61d27f239447a1ac16e601e8a75b8a0b674fe1a89627,image,,,,review_required,Historical repository asset; provenance evidence is required before production publication.
frontend/public/assets/chinverse/course-profiles/万能工具人阿伟.jpeg,832a601e95314354e39a89e2056c1c1114f132d6d47177de6c3806258b0d8215,image,,,,review_required,Historical repository asset; provenance evidence is required before production publication.
frontend/public/assets/chinverse/course-profiles/三字经.jpeg,375ff479d039d09ccec875031196c58de4831d72bfbeed8a81a438858acd6c97,image,,,,review_required,Historical repository asset; provenance evidence is required before production publication.
frontend/public/assets/chinverse/course-profiles/三淼儿童官方频道.jpeg,6d621a603f534674dbfcef726f1f750993fbd8491981c5297407747eb4abf0ad,image,,,,review_required,Historical repository asset; provenance evidence is required before production publication.
frontend/public/assets/chinverse/course-profiles/不明白播客.jpeg,3b13b6966725701ee987daeac3287a44d75390d129dd4d35bbe546e85ab7de0b,image,,,,review_required,Historical repository asset; provenance evidence is required before production publication.
frontend/public/assets/chinverse/course-profiles/两娃妈夏博士Dr. Yuni Xia.jpeg,0b3901a32d9b674f027c50b1fdfa457e6921fd1e175f48b05b52e47e1845f125,image,,,,review_required,Historical repository asset; provenance evidence is required before production publication.
frontend/public/assets/chinverse/course-profiles/中国国家图书馆.jpeg,23684e177ba0bb2c0662e43d754badbe3d3201de4a94b03480143cd77c498637,image,,,,review_required,Historical repository asset; provenance evidence is required before production publication.
frontend/public/assets/chinverse/course-profiles/兔小贝Beckybunny.jpeg,4909364732fd61edd83a36e9b648a27ad3a79e69a406bbd0eec708af4199d483,image,,,,review_required,Historical repository asset; provenance evidence is required before production publication.
frontend/public/assets/chinverse/course-profiles/兔小贝古诗大全.jpeg,7e6054b7031239aad97a0feb9ee9d13ec05fcc651c3e42eaa94a1cf274954b42,image,,,,review_required,Historical repository asset; provenance evidence is required before production publication.
frontend/public/assets/chinverse/course-profiles/八式太极拳.jpeg,52d302dab564c7e0340cca04cc2058fd5be8ee6f8ac5ec1a03b6024d2ecd0162,image,,,,review_required,Historical repository asset; provenance evidence is required before production publication.
frontend/public/assets/chinverse/course-profiles/千字文.jpeg,a0afe8d389449c70e846b265cab8b7be9383d26f9a17e890a962f73b84c2138a,image,,,,review_required,Historical repository asset; provenance evidence is required before production publication.
frontend/public/assets/chinverse/course-profiles/地道中文表达.jpeg,62fb1465ee554eef0b6061c8ddf0e2de305762c6d41188d00a0162c42d306962,image,,,,review_required,Historical repository asset; provenance evidence is required before production publication.
frontend/public/assets/chinverse/course-profiles/大鹏说中文.jpeg,3d038a16b0add251d0b929f013d112345a705582fab63827e458bd2151638f20,image,,,,review_required,Historical repository asset; provenance evidence is required before production publication.
frontend/public/assets/chinverse/course-profiles/学国学网.jpeg,4b58e149c38808c3872c4f3175b8aa0dd7d276a96f7c9967f2e79073d2dba310,image,,,,review_required,Historical repository asset; provenance evidence is required before production publication.
frontend/public/assets/chinverse/course-profiles/开端/1.jpg,953638ce5854b35610e9f73ad3d69343ff75fe18a0b8ae398200c3f4b20251ec,image,,,,review_required,Historical repository asset; provenance evidence is required before production publication.
frontend/public/assets/chinverse/course-profiles/开端/10.jpg,b0fd0f89976c1f592a9b10daf7ceacb826231f600740ea53d9403506f33f8678,image,,,,review_required,Historical repository asset; provenance evidence is required before production publication.
frontend/public/assets/chinverse/course-profiles/开端/11.jpg,c6740b7857fd8a69f5be07eb6e6dc51120e9aed97e1a613c9f3554a934d07524,image,,,,review_required,Historical repository asset; provenance evidence is required before production publication.
frontend/public/assets/chinverse/course-profiles/开端/12.jpg,5a0619f304b33b1c3913216e78d0792463cff5d3e1074ea81ca781193ab8571d,image,,,,review_required,Historical repository asset; provenance evidence is required before production publication.
frontend/public/assets/chinverse/course-profiles/开端/13.jpg,5471592467eb9336fca96f3ca5aee41a54f274ff7af386b53c0c396f3926fb74,image,,,,review_required,Historical repository asset; provenance evidence is required before production publication.
frontend/public/assets/chinverse/course-profiles/开端/14.jpg,78cdc22e9788373dadc2590e5a41f1ecc7b58ad4766973ea3645e2e8659df378,image,,,,review_required,Historical repository asset; provenance evidence is required before production publication.
frontend/public/assets/chinverse/course-profiles/开端/15.jpg,05731340e545d6d9e3cb2d945f8b4c1d86f6d4a6881be064e93c3fe4957be004,image,,,,review_required,Historical repository asset; provenance evidence is required before production publication.
frontend/public/assets/chinverse/course-profiles/开端/2.jpg,04044626d115962f47bc2269134ca13ad6dbd7e2605d4289c653ec226ec1e425,image,,,,review_required,Historical repository asset; provenance evidence is required before production publication.
frontend/public/assets/chinverse/course-profiles/开端/3.jpg,7e83e49676b157a4e04281718d093d4a4f4717aa5c33890bd95987414034401e,image,,,,review_required,Historical repository asset; provenance evidence is required before production publication.
frontend/public/assets/chinverse/course-profiles/开端/4.jpg,33d4ef24c9b800d09acd4ea5e450775a6543c6faef4227eb78db1f9e1893b705,image,,,,review_required,Historical repository asset; provenance evidence is required before production publication.
frontend/public/assets/chinverse/course-profiles/开端/5.jpg,91364e2433ab34a71ad6ae7776de5aeab8b76deae435bb374f1446dea0ad4983,image,,,,review_required,Historical repository asset; provenance evidence is required before production publication.
frontend/public/assets/chinverse/course-profiles/开端/6.jpg,94fd9638a37fb3e23aed4276a4568b10c557344d70fb09be1dbb188704cfb77e,image,,,,review_required,Historical repository asset; provenance evidence is required before production publication.
frontend/public/assets/chinverse/course-profiles/开端/7.jpg,7554ade9ae43750104ccff3e604679c27862b2d35e64165b445710b570fbcc54,image,,,,review_required,Historical repository asset; provenance evidence is required before production publication.
frontend/public/assets/chinverse/course-profiles/开端/8.jpg,dcb23d7990d068b9510a98ebf450a9d013b8f902862c1b6706b65d99edf41871,image,,,,review_required,Historical repository asset; provenance evidence is required before production publication.
frontend/public/assets/chinverse/course-profiles/开端/9.jpg,cb55c185f54cc88536483fa1b481faaaa909f54561b46c2949d615c11f8367f5,image,,,,review_required,Historical repository asset; provenance evidence is required before production publication.
frontend/public/assets/chinverse/course-profiles/弟子规.jpeg,fac7af9d653d5419452c67b184e63f3b55b176469e56a81aa9ad1c23e5f2c593,image,,,,review_required,Historical repository asset; provenance evidence is required before production publication.
frontend/public/assets/chinverse/course-profiles/百家Talk.jpg,72b21bb2534edba10c52423f278a002d018000d014e776842ca2006175e4d2d7,image,,,,review_required,Historical repository asset; provenance evidence is required before production publication.
frontend/public/assets/chinverse/course-profiles/百家姓.jpeg,4e884cfa0d085ac092aecc25d931363505b6cc0d3b026e8e0458b97af9dc4928,image,,,,review_required,Historical repository asset; provenance evidence is required before production publication.
frontend/public/assets/chinverse/course-profiles/精彩的传统节日.jpeg,3e715305d8a0f79137f0dff2f188031d523d7fc1b4c7562a176c9e6ab7b4b7ed,image,,,,review_required,Historical repository asset; provenance evidence is required before production publication.
frontend/public/assets/chinverse/course-profiles/纪实文学馆.jpeg,179310affe0f78762c120bceff1301f6026ca2493d2969c1309f2dad84e7eab2,image,,,,review_required,Historical repository asset; provenance evidence is required before production publication.
frontend/public/assets/chinverse/course-profiles/纪实说.jpeg,1b4485fe1d0e2ff8d7b149a2c42052939793ebe71994c7de737146d3f0faab4c,image,,,,review_required,Historical repository asset; provenance evidence is required before production publication.
frontend/public/assets/chinverse/course-profiles/经典诵读·百家姓.jpeg,d331bb1c65396750bf7d088ea850ae4392f9ad564f1f7cf45a7fea6b538ceda5,image,,,,review_required,Historical repository asset; provenance evidence is required before production publication.
frontend/public/assets/chinverse/course-profiles/道德经.jpeg,522ae2de5cc880d9bc147aa22889d4b7193d87c11804e9dc36dd7eca5dee6a8c,image,,,,review_required,Historical repository asset; provenance evidence is required before production publication.
frontend/public/assets/chinverse/course-profiles/陳忠建.jpeg,96d13c89cecbd4df6af82f9b627c25801583880e6a2956e032904406c031dac3,image,,,,review_required,Historical repository asset; provenance evidence is required before production publication.
frontend/public/assets/chinverse/icons/2 people.svg,63888179c4168e766b69c7c18db60e8a5099ad63ecb68bf1abf18fde520e58af,image,,,,review_required,Historical repository asset; provenance evidence is required before production publication.
frontend/public/assets/chinverse/icons/4707c47e-df23-4e1a-86b4-04b1a15cd8c2.svg,5b26f00979669aefa7e77ec33ef1074e7013365e36b233236acd057cbc3c6665,image,,,,review_required,Historical repository asset; provenance evidence is required before production publication.
frontend/public/assets/chinverse/icons/51d226f9-6868-40e2-b49c-7a19000b79fe.svg,7b7f23ebfface1937ae08d27ada6f939c94a2b0e8571388b2489bfc0555f0fb9,image,,,,review_required,Historical repository asset; provenance evidence is required before production publication.
frontend/public/assets/chinverse/icons/71701b3d-408e-42ac-8649-b6ede1b4cf0d.svg,a79a692d432f0a8f9450fb88161b21f684dd956d27b78716bb174b6f9e24767a,image,,,,review_required,Historical repository asset; provenance evidence is required before production publication.
frontend/public/assets/chinverse/icons/About chinverse.svg,413413473353c08c4f0ef1f88d6d263ca277ff10d38d617d3a05572a59f1203b,image,,,,review_required,Historical repository asset; provenance evidence is required before production publication.
frontend/public/assets/chinverse/icons/About me.svg,c998e0d24d4a5bf5f0f85917cdea4aedc337fa6db8fe85ff3fa7d74909d87783,image,,,,review_required,Historical repository asset; provenance evidence is required before production publication.
frontend/public/assets/chinverse/icons/Ballons.svg,56b4f8a52e88d7bb0a9c7f58eab212c63c63a847c8633656e6d14f3d27c05c9a,image,,,,review_required,Historical repository asset; provenance evidence is required before production publication.
frontend/public/assets/chinverse/icons/CV Light.svg,cbca042766e133635c39ff1fa3894e4636116ab0c74a98bd3264e7a821e7816a,image,,,,review_required,Historical repository asset; provenance evidence is required before production publication.
frontend/public/assets/chinverse/icons/CV bold.svg,55e844b08eb980c738fa26dfbde6bd5396c07e147f3d6560089581c2313e4925,image,,,,review_required,Historical repository asset; provenance evidence is required before production publication.
frontend/public/assets/chinverse/icons/Celebrate.svg,c1a053dae2f3cfd49aba28af2a2187669c2d7e8e3c1298beb4ea543c58c1bb3d,image,,,,review_required,Historical repository asset; provenance evidence is required before production publication.
frontend/public/assets/chinverse/icons/Check.svg,6370ec83ccc343c77a6605c5d1c36322ac79bf8c3deb0a9672b3d91bc405b0c6,image,,,,review_required,Historical repository asset; provenance evidence is required before production publication.
frontend/public/assets/chinverse/icons/Circle.svg,0628951268cacd53eb3b067e119071ca81d827d35a8fd85b4e4b5b996659ecb0,image,,,,review_required,Historical repository asset; provenance evidence is required before production publication.
frontend/public/assets/chinverse/icons/Coin.svg,df75d3206095149a471a3a5a96f8033924fc1c2b5542e57c90d0df986314f690,image,,,,review_required,Historical repository asset; provenance evidence is required before production publication.
frontend/public/assets/chinverse/icons/Comunity.svg,50833cbcded67a0d29197058ddf800593902ca18833ca46711e6a87bd9fdfff3,image,,,,review_required,Historical repository asset; provenance evidence is required before production publication.
frontend/public/assets/chinverse/icons/Delete light.svg,ec06f5a84d95d2e4c7b8ead2a5e22a6e1ee8b079804cc80b2630004cc0778457,image,,,,review_required,Historical repository asset; provenance evidence is required before production publication.
frontend/public/assets/chinverse/icons/Delete.svg,871971b1d7c11b20763e42cbc2d7194ca94993f7efaaef20a0c2c14331fa8770,image,,,,review_required,Historical repository asset; provenance evidence is required before production publication.
frontend/public/assets/chinverse/icons/Dollar.svg,c056bfdd077a8345fc38f6be9dc83642172c85d85f6f22a13a613392467402b9,image,,,,review_required,Historical repository asset; provenance evidence is required before production publication.
frontend/public/assets/chinverse/icons/Exit.svg,0599737bd8f569b05e6f5712acf29cccd80f60fdb899079b78d0c64e269067ec,image,,,,review_required,Historical repository asset; provenance evidence is required before production publication.
frontend/public/assets/chinverse/icons/Filter.svg,129baacad39915d9795c2a666c454d0fd635eeed0f1ae43e882b05e16d533997,image,,,,review_required,Historical repository asset; provenance evidence is required before production publication.
frontend/public/assets/chinverse/icons/Gift card.svg,8cee42df288a537b859f53988dd92cffa034f7671090f70d5a1a6e7a526ce7f6,image,,,,review_required,Historical repository asset; provenance evidence is required before production publication.
frontend/public/assets/chinverse/icons/Globe University.svg,fdbad3ee9b80897ab7ecfda10ebb94dbf39ec2da14e9134b481741727f37c4ed,image,,,,review_required,Historical repository asset; provenance evidence is required before production publication.
frontend/public/assets/chinverse/icons/Globe.svg,ca5b667f42b0deb79300684510581a85c3a011f8f6f5b5bbd2ec9f4e318b3088,image,,,,review_required,Historical repository asset; provenance evidence is required before production publication.
frontend/public/assets/chinverse/icons/Goal.svg,0369d23e4cf7faabd47cd9a240267cb879a76046ea868219de8e3615d6c6a71c,image,,,,review_required,Historical repository asset; provenance evidence is required before production publication.
frontend/public/assets/chinverse/icons/Graduation.svg,8cbe7c08de66fc32124b4ab0c2d1d5187c2e592dce22deae61e4176a56dc7114,image,,,,review_required,Historical repository asset; provenance evidence is required before production publication.
frontend/public/assets/chinverse/icons/Hub Connection.svg,b5e4219d8de5dc64d6aabd15b8c1a6d719a194c84530b204f3bc942663f6e708,image,,,,review_required,Historical repository asset; provenance evidence is required before production publication.
frontend/public/assets/chinverse/icons/Laitner.svg,1d4cf550e8eb60b1a4d39bb472a135e44a910e733ee3edb08d432321404f62ce,image,,,,review_required,Historical repository asset; provenance evidence is required before production publication.
frontend/public/assets/chinverse/icons/Location 2.svg,3a358063c0089c278eaa67199550d566f79a813955979854afc49300d1b9e691,image,,,,review_required,Historical repository asset; provenance evidence is required before production publication.
frontend/public/assets/chinverse/icons/Log out.svg,393c9cf399f24b346197b4923bd8425e71ef559569624dec4e83a7384c9e4f00,image,,,,review_required,Historical repository asset; provenance evidence is required before production publication.
frontend/public/assets/chinverse/icons/Membership.svg,5419e1d2f3d5403173d2112368cf603aba13f53b8acae764a8b8fbfce83559bd,image,,,,review_required,Historical repository asset; provenance evidence is required before production publication.
frontend/public/assets/chinverse/icons/Norons.svg,034c19ae266cbd08ad699e82fb70a54ef2e11832c31f90bbb175a2b210e2bd33,image,,,,review_required,Historical repository asset; provenance evidence is required before production publication.
frontend/public/assets/chinverse/icons/Photo.svg,20dee9128c03f321ab81540153fd5b26b0a29b891e44907f301effb2522de57d,image,,,,review_required,Historical repository asset; provenance evidence is required before production publication.
frontend/public/assets/chinverse/icons/Play.svg,50fe9216c0514e92097463b4be6027f95efa2bb2dee613119acd9a3f9dfbf94c,image,,,,review_required,Historical repository asset; provenance evidence is required before production publication.
frontend/public/assets/chinverse/icons/Point Card.svg,be5396834826444a5e88a6d2b614aff77e87000bfb6ce83199cdfdf516916506,image,,,,review_required,Historical repository asset; provenance evidence is required before production publication.
frontend/public/assets/chinverse/icons/Portfolio.svg,8e5d29f3c624b64ec1410bb5be6df79c00bebb60ff7229bb1cec43aa268c0582,image,,,,review_required,Historical repository asset; provenance evidence is required before production publication.
frontend/public/assets/chinverse/icons/Preferences 2.svg,a0468714af654529de8f2d9d7afc7785aed0c951dad782c88f5863ea4cd5fd45,image,,,,review_required,Historical repository asset; provenance evidence is required before production publication.
frontend/public/assets/chinverse/icons/Preferences.svg,bf74c2d1a2a4a4ef253059b6370f44384fcb274fb7cf7de5f224c067b3640bd7,image,,,,review_required,Historical repository asset; provenance evidence is required before production publication.
frontend/public/assets/chinverse/icons/Price tag.svg,c9f1258ed19d9c2c8a85a737ee4ac3b702744f70932189f2405ccc5a3a6478db,image,,,,review_required,Historical repository asset; provenance evidence is required before production publication.
frontend/public/assets/chinverse/icons/Privacy Policy.svg,09654deb584af7c4fd44c38be9f9f5cab36b616aa3995547962267a417cb9c42,image,,,,review_required,Historical repository asset; provenance evidence is required before production publication.
frontend/public/assets/chinverse/icons/Prize bold.svg,b1fba4c8aa78caa760de4dae687670aaf0a50044a0ecfb541f4968910b9d0258,image,,,,review_required,Historical repository asset; provenance evidence is required before production publication.
frontend/public/assets/chinverse/icons/Prize light.svg,a44c090ad6d60fef24ada5c878838de4a6fe1a8237a6001f5824434f95c0a41a,image,,,,review_required,Historical repository asset; provenance evidence is required before production publication.
frontend/public/assets/chinverse/icons/Reading bold.svg,4f7ae41e8eaf60947b61eafd6fe4be8df633f65c44361b67f46ed5d408ec0ae6,image,,,,review_required,Historical repository asset; provenance evidence is required before production publication.
frontend/public/assets/chinverse/icons/Reading light.svg,1a7a67e2bc68c6e3ba35c81166d06d3a5fb41291491b64c58084ed5780b4acb4,image,,,,review_required,Historical repository asset; provenance evidence is required before production publication.
frontend/public/assets/chinverse/icons/SHARE.svg,9169d35dab1cfe5ed950338fcadd33ff7b2918894f0b54c9a72480bf32f571f7,image,,,,review_required,Historical repository asset; provenance evidence is required before production publication.
frontend/public/assets/chinverse/icons/Services.svg,8c86160400015aa8c7a629e18e2003759835f15dc66b4f2ac1cec30be0389a55,image,,,,review_required,Historical repository asset; provenance evidence is required before production publication.
frontend/public/assets/chinverse/icons/Setting.svg,ba8450bee21b6999aa0bb6793ae8f7dd2172a97a5fdaff50789a36905f839e72,image,,,,review_required,Historical repository asset; provenance evidence is required before production publication.
frontend/public/assets/chinverse/icons/Speaker.svg,7e5da246323673f8d0566e231224a52a9c9249dc46e24d80295c5d431f7993c7,image,,,,review_required,Historical repository asset; provenance evidence is required before production publication.
frontend/public/assets/chinverse/icons/Star.svg,ad153fd28df49c62f834b7ba3fe037d7546b621411cb40e459de24d34bc065cd,image,,,,review_required,Historical repository asset; provenance evidence is required before production publication.
frontend/public/assets/chinverse/icons/Study Progress.svg,c8954aa0a1d3f6a73b9a6d524e3ef05bd632217cb10eb1d229715b096fd70f11,image,,,,review_required,Historical repository asset; provenance evidence is required before production publication.
frontend/public/assets/chinverse/icons/Support & Help.svg,20c234f5de5c10d4d1a31b3860be8b54a7c4ad82e436f040b178101e577bdb05,image,,,,review_required,Historical repository asset; provenance evidence is required before production publication.
frontend/public/assets/chinverse/icons/Title.svg,9454b29067085e77f45aab1f95bd232baacbfb9a501d7dc8a806f38d4119ab43,image,,,,review_required,Historical repository asset; provenance evidence is required before production publication.
frontend/public/assets/chinverse/icons/University.svg,4929e4ec6f86636982c4e7a43903ae4836e7847ab2474916b5023112ab45afd0,image,,,,review_required,Historical repository asset; provenance evidence is required before production publication.
frontend/public/assets/chinverse/icons/Wechat.svg,583132c7feb95ab8c6fe7dd2ee7ee7964990eac829854d09578d92fefcd32957,image,,,,review_required,Historical repository asset; provenance evidence is required before production publication.
frontend/public/assets/chinverse/icons/Writing.svg,28ab6dde25d5aaeae3ede5b8096f3f10d53e0c02a0c12072ecf909f0419a0de8,image,,,,review_required,Historical repository asset; provenance evidence is required before production publication.
frontend/public/assets/chinverse/icons/about-me.svg,c998e0d24d4a5bf5f0f85917cdea4aedc337fa6db8fe85ff3fa7d74909d87783,image,,,,review_required,Historical repository asset; provenance evidence is required before production publication.
frontend/public/assets/chinverse/icons/chat-message-hover-pinch.svg,9ae0e03029b45eabff04d91a0cca810ff32f041d04d432f30d51c8c8e6596621,image,,,,review_required,Historical repository asset; provenance evidence is required before production publication.
frontend/public/assets/chinverse/icons/cv-light.svg,cbca042766e133635c39ff1fa3894e4636116ab0c74a98bd3264e7a821e7816a,image,,,,review_required,Historical repository asset; provenance evidence is required before production publication.
frontend/public/assets/chinverse/icons/doodle-motif-292-clock-time-hover-pinch.svg,6b03d5a1ac7c22eb1880878b3b9c1f8337fa1bc30a0cdb50f846eab0a1f4e0cf,image,,,,review_required,Historical repository asset; provenance evidence is required before production publication.
frontend/public/assets/chinverse/icons/e139d1de-8ddf-4e79-8e48-a45e7598601f.svg,1b760058ce1a252c13d64c33387f8ac807cbc8f6645fc7970f81da24301af815,image,,,,review_required,Historical repository asset; provenance evidence is required before production publication.
frontend/public/assets/chinverse/icons/error.svg,7007f4255cf737f9fd5c1dfb3678e58ac8ae6325d63498964ed4f96f329dfc04,image,,,,review_required,Historical repository asset; provenance evidence is required before production publication.
frontend/public/assets/chinverse/icons/forward-15-seconds-svgrepo-com.svg,b1112d4038451204c1aee361983ece43bd0a1bf645828386d64cd280a1141709,image,,,,review_required,Historical repository asset; provenance evidence is required before production publication.
frontend/public/assets/chinverse/icons/invite friends.svg,99d5aa31002c561b83086a689e9aca9cf98cdc2500fb560b24c844744b021f44,image,,,,review_required,Historical repository asset; provenance evidence is required before production publication.
frontend/public/assets/chinverse/icons/lOCATION.svg,470b014d89915e32cf80bdaffe67c2f2a2d001329947715d23393e483cbb7a9b,image,,,,review_required,Historical repository asset; provenance evidence is required before production publication.
frontend/public/assets/chinverse/icons/logonomy-1753203476788.mp4,c17180828f1ee9ad0c5e271c96e300d295da390787055d8ff2c5c90f29240e58,video,,,,review_required,Historical repository asset; provenance evidence is required before production publication.
frontend/public/assets/chinverse/icons/logonomy-1753203516349.mp4,0c1d84aa60c43388a074ba9a72af3b97a2e5556e589d832c880eb4db2719deb5,video,,,,review_required,Historical repository asset; provenance evidence is required before production publication.
frontend/public/assets/chinverse/icons/logonomy-1753204053610.mp4,471d9c09d705083e507a0177d56b1737e87fcdf15ca52aaaf901b42ea3d4b36f,video,,,,review_required,Historical repository asset; provenance evidence is required before production publication.
frontend/public/assets/chinverse/icons/notification.svg,1b1c7aed6e0e6297d9343b5cc8f09557d535fda223e21b1f02cba5f5f10d3125,image,,,,review_required,Historical repository asset; provenance evidence is required before production publication.
frontend/public/assets/chinverse/icons/noun-seed-4050002.svg,98f0d80f5afe7d0ebd91dd81fa7d66120855e3a12691a669d7aa6d55d2dddb8f,image,,,,review_required,Historical repository asset; provenance evidence is required before production publication.
frontend/public/assets/chinverse/icons/noun-seed-5105987.svg,b8e9bb83dc46005a885489a71d15dea9c5316fcba541d9a9a4d2c6f56900cb8c,image,,,,review_required,Historical repository asset; provenance evidence is required before production publication.
frontend/public/assets/chinverse/icons/noun-seeds-3189375.svg,d3b478ba369c2609de6708c6e43a9a82cd734bc90f4ff03ee69ddfcc672cad0a,image,,,,review_required,Historical repository asset; provenance evidence is required before production publication.
frontend/public/assets/chinverse/icons/people.svg,63888179c4168e766b69c7c18db60e8a5099ad63ecb68bf1abf18fde520e58af,image,,,,review_required,Historical repository asset; provenance evidence is required before production publication.
frontend/public/assets/chinverse/icons/pin.svg,92e7111a7e7647704ae4a39695537f0a71f4f922065c39b9f7399cfe4e322409,image,,,,review_required,Historical repository asset; provenance evidence is required before production publication.
frontend/public/assets/chinverse/icons/plus.svg,d94f27a91173eb8f942dfeb97025084bdf225100115b767d5608cc8b15174991,image,,,,review_required,Historical repository asset; provenance evidence is required before production publication.
frontend/public/assets/chinverse/icons/poster.svg,175da2ad4ced327857db826b51adaefb6582f93b15cccbdd6d945de126942776,image,,,,review_required,Historical repository asset; provenance evidence is required before production publication.
frontend/public/assets/chinverse/icons/profile.svg,dde852330248621b4f88aa3bdc7a37abd99399a78315869874e901b69c097bab,image,,,,review_required,Historical repository asset; provenance evidence is required before production publication.
frontend/public/assets/chinverse/icons/rewind-15-seconds-back-svgrepo-com.svg,7c78ace442cfbe5ec6571447990497bb94ca6bdef99c7d154a43fb9a11b19b14,image,,,,review_required,Historical repository asset; provenance evidence is required before production publication.
frontend/public/assets/chinverse/icons/support_agent_24dp_1F1F1F_FILL0_wght400_GRAD0_opsz24.svg,1bd931d26acfed4014c0283167815251c64d383e1dbe7ecd5803757c13f59044,image,,,,review_required,Historical repository asset; provenance evidence is required before production publication.
frontend/public/assets/chinverse/icons/tick.svg,589ef08454f533b29bb2c69fa214c37cd6644f1add1d37fe350e2203d7641fbf,image,,,,review_required,Historical repository asset; provenance evidence is required before production publication.
frontend/public/assets/chinverse/icons/vecteezy_black-branch-tree-or-naked-trees-silhouettes-set-hand-drawn_18976596.svg,6da70207239fcef9d6c085f6a0a1c038a72586634ea47f5bb595f5c9f94306c3,image,,,,review_required,Historical repository asset; provenance evidence is required before production publication.
frontend/public/assets/chinverse/icons/vecteezy_flat-isometric-illustration-concept-hand-raised-green_7885768.svg,a5fb80a1ad69e0c02fcd131e5b1c84361f59bd7d61dc2de489771a6b23aa5987,image,,,,review_required,Historical repository asset; provenance evidence is required before production publication.
frontend/public/assets/chinverse/icons/vecteezy_free-seed-vector-illustration_99975.svg,84d5a6bcd2fd4c40f679e39c90237272da96b4bb61ca5d6095ffbaa78e0a5e16,image,,,,review_required,Historical repository asset; provenance evidence is required before production publication.
frontend/public/assets/chinverse/icons/vecteezy_green-tree-seedding-flat-vector-icon-logo-eco_19850798.svg,e4553dfe8512fdbd8e14b41fcd83f0c17bebac1039fc2a0b2f92157c2d3cc3fa,image,,,,review_required,Historical repository asset; provenance evidence is required before production publication.
frontend/public/assets/chinverse/icons/vecteezy_growing-flower-vectors_90435.svg,665212d9db1e8a236c50c7d3255a2f24099eaf584558ae09ced5db9c6a87133b,image,,,,review_required,Historical repository asset; provenance evidence is required before production publication.
frontend/public/assets/chinverse/icons/vecteezy_plant-growth-vector-sprout-from-the-ground-isolated-on_6220906.svg,1f4f19321f31d14172ca097a903fdde8a96950e75a83e0b44c9379a24dbc6d3b,image,,,,review_required,Historical repository asset; provenance evidence is required before production publication.
frontend/public/assets/chinverse/icons/vecteezy_sprouting-seed-illustration-plant-growing-from-seed_8975856.svg,6ffe15a71e6a873403e7d2875cb250cae01455a098527143cce13490f39c0d32,image,,,,review_required,Historical repository asset; provenance evidence is required before production publication.
frontend/public/assets/chinverse/icons/wechat-black.svg,eda9b5507afd4566b797ceb48448456554fac6196eaa98b468d78a8e50173ebd,image,,,,review_required,Historical repository asset; provenance evidence is required before production publication.
frontend/public/assets/chinverse/icons/yingyang.svg,66f2fa5f02975d60a0bf55d52fc924d338b9442927b84b0043650e5c76e926aa,image,,,,review_required,Historical repository asset; provenance evidence is required before production publication.
frontend/public/assets/chinverse/leitner/stage-branch.svg,cd6306dfc1d8588ff744a37ee5a7ea2279167dcdcfd10888204c106ac382f3ec,image,,,,review_required,Historical repository asset; provenance evidence is required before production publication.
frontend/public/assets/chinverse/leitner/stage-mastered.svg,6d3eda5b59534cc1e1d4746b53865493dc8320f56dbcca2bd474549341089cc9,image,,,,review_required,Historical repository asset; provenance evidence is required before production publication.
frontend/public/assets/chinverse/leitner/stage-seed.svg,4275b55a6e8df3b34376d0ae3a62e1c838fc89888d5115d53ae4f0f18ae8e7bc,image,,,,review_required,Historical repository asset; provenance evidence is required before production publication.
frontend/public/assets/chinverse/leitner/stage-sprout.svg,817f5be8cfc531ba12dae9fb52b7f740c644af45087b0825620e21323ccad672,image,,,,review_required,Historical repository asset; provenance evidence is required before production publication.
frontend/public/assets/chinverse/leitner/stage-tree.svg,9be264ab3383bc5f295f1b30a38516b8cd114eabfd573cc45a412bcc147bf246,image,,,,review_required,Historical repository asset; provenance evidence is required before production publication.
frontend/public/assets/chinverse/logos/chinverse-logo.png,442c4f3f066232616aeba54a873fc2b9149cb8b95d6eaa3087e3f26b9a36c9f9,image,,,,review_required,Historical repository asset; provenance evidence is required before production publication.
frontend/public/assets/chinverse/logos/chinverse-wordmark.png,6f3d8927e9de7c22d0cf7645b69ef0162dad47891620200f13decaa5e5afcfe4,image,,,,review_required,Historical repository asset; provenance evidence is required before production publication.
frontend/public/assets/chinverse/logos/logonomy-1752392948310.svg,d74a7bcc1beea06ca5dd6ceb8ff61c4bf78153dc172cb60fa9fb17c9cb302dec,image,,,,review_required,Historical repository asset; provenance evidence is required before production publication.
frontend/public/assets/chinverse/logos/logonomy-1752590960733.png,442c4f3f066232616aeba54a873fc2b9149cb8b95d6eaa3087e3f26b9a36c9f9,image,,,,review_required,Historical repository asset; provenance evidence is required before production publication.
frontend/public/assets/chinverse/logos/logonomy-1753204314280.svg,e48f5d3d1e09516b6d8bcb023b8938859c57a763803a53434f891c0422cadd15,image,,,,review_required,Historical repository asset; provenance evidence is required before production publication.
frontend/public/assets/chinverse/logos/logonomy-1771069564527.svg,8ca6595c32d984622c738d3707e2b18d70ad5a28413142c0b30897a04e126bcd,image,,,,review_required,Historical repository asset; provenance evidence is required before production publication.
frontend/public/assets/chinverse/logos/logonomy-1771069614496.mp4,1ab1d279bed1a9457c12fbc0f206242e6de8b5474738db7cec9dd512fd9104c3,video,,,,review_required,Historical repository asset; provenance evidence is required before production publication.
frontend/public/assets/chinverse/logos/logonomy-1771069659444.mp4,89df53b745912eeffaf2dff1048bc48bb0f9c7176f7ba4edcf74eca9eced74e6,video,,,,review_required,Historical repository asset; provenance evidence is required before production publication.
frontend/public/assets/chinverse/logos/logonomy-1771069707533.mp4,d495f4c6552542089b465dd6a63d391869e17627680f1db893538cd221a00037,video,,,,review_required,Historical repository asset; provenance evidence is required before production publication.
frontend/public/assets/chinverse/logos/logonomy-1771069751778.mp4,75b64dc23ba7c6904d7854530132277e214cb7e2a879c98dd0081b0270056c6a,video,,,,review_required,Historical repository asset; provenance evidence is required before production publication.
frontend/public/assets/chinverse/logos/logonomy-1771069773693.mp4,2e26cd845eb43b1c0f2de1b3f42c718f3e72b7476d5457f32e5412fba5f2e629,video,,,,review_required,Historical repository asset; provenance evidence is required before production publication.
frontend/public/assets/chinverse/logos/logonomy-1771069809644.mp4,32f210505915dfec4f1428398a7277cce01eb5748155c9ddaa7cfaf3821f9668,video,,,,review_required,Historical repository asset; provenance evidence is required before production publication.
frontend/public/assets/chinverse/logos/logonomy-1771069862997.jpg,dcbd79a8753225ce8013a6c340d8c424e0e8297aa3f43e0e1a73c682ebb23288,image,,,,review_required,Historical repository asset; provenance evidence is required before production publication.
frontend/public/assets/chinverse/logos/logonomy-1771069874033.jpg,eee4d257686154078984dd22f0ec759e3b61248bbe854093034cb95b4affbcaa,image,,,,review_required,Historical repository asset; provenance evidence is required before production publication.
frontend/public/assets/chinverse/logos/logonomy-1771069879362.jpg,eee4d257686154078984dd22f0ec759e3b61248bbe854093034cb95b4affbcaa,image,,,,review_required,Historical repository asset; provenance evidence is required before production publication.
frontend/public/assets/chinverse/logos/logonomy-1771069898484.jpg,31fb922daa02077840e3ed9108e27a483605911334300285cb27af89a9a1a7c3,image,,,,review_required,Historical repository asset; provenance evidence is required before production publication.
frontend/public/assets/chinverse/logos/logonomy-1771069908243.jpg,bad3efbdd344aee2b73ac1889bfd1f74d8bf1dbdffe5755de5a55d31f3c4f8e8,image,,,,review_required,Historical repository asset; provenance evidence is required before production publication.
frontend/public/assets/chinverse/logos/logonomy-1771069926051.png,6b98a6321433587a10eac30363e6dc56d3ef781add5c2c5588df6de5dfb546f5,image,,,,review_required,Historical repository asset; provenance evidence is required before production publication.
frontend/public/assets/chinverse/logos/logonomy-1771070464509.mp4,f704aa641782f9669e9b96dc1bf88dd47808abf7f68cf28c9adf30c2261a5eca,video,,,,review_required,Historical repository asset; provenance evidence is required before production publication.
frontend/public/assets/chinverse/logos/logonomy-1771070520480.mp4,0ab11ad5bd215ad9a624d0b871ef177dd0792ced38f743225bae6a1230da6e2d,video,,,,review_required,Historical repository asset; provenance evidence is required before production publication.
frontend/public/assets/chinverse/logos/logonomy-1771070559015.mp4,c6ad0aa610d9a0ae4e56d615d83146f89f802138db9b5b72360dba0420df6083,video,,,,review_required,Historical repository asset; provenance evidence is required before production publication.
frontend/public/assets/chinverse/logos/logonomy-1771070622763.mp4,110cde9040f259b6f0db9db6254650173e67f59c3bd1c672f45ef0245459cd5c,video,,,,review_required,Historical repository asset; provenance evidence is required before production publication.
frontend/public/assets/chinverse/logos/logonomy-1771070669488.mp4,87c4e46e823ca2e43ea07d5dacf285fac06514a358008f4e3628f10267784cf2,video,,,,review_required,Historical repository asset; provenance evidence is required before production publication.
frontend/public/assets/chinverse/logos/logonomy-1771070742990.jpg,8848cf2d95ef5f400bc6e81beeaf2ed3ee1f47340a64c9c074c007e628eb8293,image,,,,review_required,Historical repository asset; provenance evidence is required before production publication.
frontend/public/assets/chinverse/logos/logonomy-1771070851521.jpg,b918f28d9db196d70c4ab1f54c67c7905f5b1f21f1618e1fb4ec6adcca2c0837,image,,,,review_required,Historical repository asset; provenance evidence is required before production publication.
frontend/public/assets/chinverse/logos/logonomy-1771070859911.jpg,bc74ac7d96c9ad341a1d60f6bc567945b9089cf89b335288b8b3265e5805e7d9,image,,,,review_required,Historical repository asset; provenance evidence is required before production publication.
frontend/public/assets/chinverse/logos/logonomy-1771070882100.svg,b4befd510139a8298a0e811de153b2fbbf5226ac437417a5fa69f04c8c7e6035,image,,,,review_required,Historical repository asset; provenance evidence is required before production publication.
frontend/public/assets/chinverse/logos/logonomy-1771070895384.svg,79e227997228e75d5447c47f531633d0b46ec47dd258e3f23cadfe01e7d05614,image,,,,review_required,Historical repository asset; provenance evidence is required before production publication.
frontend/public/file.svg,2b67812c325c199a02536cdbeea0c593a72f707d323b72ee3e08dbab06753bd4,image,,,,review_required,Historical repository asset; provenance evidence is required before production publication.
frontend/public/globe.svg,b614b9bf183925957661ac851498fe1d8029fd43a62fbfed86f9e2624a57e7cf,image,,,,review_required,Historical repository asset; provenance evidence is required before production publication.
frontend/public/next.svg,55995dfad6ecb4945a1e856ddca03c5e16aa5bf13fd21b4df6a74ae79357bcfc,image,,,,review_required,Historical repository asset; provenance evidence is required before production publication.
frontend/public/vercel.svg,f081337b2fee635b455b63275406a3e7f39d6a014e25ad90dab5a67e62a12ac4,image,,,,review_required,Historical repository asset; provenance evidence is required before production publication.
frontend/public/window.svg,644768c4aaeb4767bce293344eeb0c125fb804a94d801440424072202d85e3a1,image,,,,review_required,Historical repository asset; provenance evidence is required before production publication.
secondVideo/少年与海 YOUNG MAN & SEA.mp4,b0c378fbfef7be45338d2ec22c63e1ef132db43e9eb203c06e3539abb8575875,video,,,,review_required,Historical repository asset; provenance evidence is required before production publication.
